Private Entity,External URI,Confidence
http://example.org/Metronews,http://www.wikidata.org/entity/Q28493296,0.99
http://example.org/Le_Banquet,N/A,0.0
http://example.org/Emmanuel_Le,N/A,0.0
http://example.org/celui_de_lhtel_de_Rambouillet,N/A,0.0
http://example.org/une_ville_de_moines,N/A,0.0
http://example.org/JosephRosalinde_Rancher,N/A,0.0
http://example.org/vivier_de_crativit_avec_lmergence_dacteurs,N/A,0.0
http://example.org/RenBougnol,N/A,0.0
http://example.org/Paul_Molga,N/A,0.0
http://example.org/le_code_Tibriade,N/A,0.0
http://example.org/des_Pays_de_la_LoireP,N/A,0.0
http://example.org/bas_de_la_rue_Paradis,N/A,0.0
http://example.org/dangle_coiffe,N/A,0.0
http://example.org/SantDe_nombreux_hpitaux_sont,N/A,0.0
http://example.org/le_code_la_fin_de_lEmpire,N/A,0.0
http://example.org/russe,N/A,0.0
http://example.org/Vandamme,http://www.wikidata.org/entity/Q3554480,0.99
http://example.org/Nice332,N/A,0.0
http://example.org/Il_loccupe_jusqu_sa_mort,N/A,0.0
http://example.org/Louis_Faidherbe,N/A,0.0
http://example.org/Dargaud,http://www.wikidata.org/entity/Q1165843,0.99
http://example.org/Aeroscopia,http://www.wikidata.org/entity/Q15714017,0.99
http://example.org/avec_ldification_dun,N/A,0.0
http://example.org/qui_deviendra_la_ville_de_Montpellier,N/A,0.0
http://example.org/Azur_TV,N/A,0.0
http://example.org/Modal_Split_Tool,N/A,0.0
http://example.org/Numro,N/A,0.0
http://example.org/Max_Mousseron,N/A,0.0
http://example.org/avec_Lyon215,N/A,0.0
http://example.org/Les_chutes_de_neige_sont_assez_irrgulires_selon_les_annes_et,N/A,0.0
http://example.org/Antonins,http://www.wikidata.org/entity/Q2857165,0.99
http://example.org/la_visiter,N/A,0.0
http://example.org/La_Trappa_,N/A,0.0
http://example.org/Le_mirador_de_Stphane,N/A,0.0
http://example.org/de_dominicains,N/A,0.0
http://example.org/ralit_de_la,N/A,0.0
http://example.org/Chez,http://www.wikidata.org/entity/Q5094641,0.99
http://example.org/Johnny_Dunal,N/A,0.0
http://example.org/Diwan,http://www.wikidata.org/entity/Q12196,0.99
http://example.org/Morand,http://www.wikidata.org/entity/Q655765,0.99
http://example.org/GratteCiel_de_Villeurbanne,N/A,0.0
http://example.org/Haut_Empire,N/A,0.0
http://example.org/Lextrmit,N/A,0.0
http://example.org/Halle,http://www.wikidata.org/entity/Q108656,0.99
http://example.org/Renaissance_des_Pennons,N/A,0.0
http://example.org/laugmentation_de_la,N/A,0.0
http://example.org/code_Les_Deux_tendards,N/A,0.0
http://example.org/Cfa,N/A,0.0
http://example.org/PUL,http://www.wikidata.org/entity/Q448726,0.99
http://example.org/de_lacadmie_de_Nice,N/A,0.0
http://example.org/Lyon_de_Philippe,N/A,0.0
http://example.org/ville_dnue_de_camras_de_surveillance,N/A,0.0
http://example.org/jardin_de_la_Grande,N/A,0.0
http://example.org/nouveau_ple_de_dveloppement,N/A,0.0
http://example.org/ditions_Grasset,N/A,0.0
http://example.org/lambiance,N/A,0.0
http://example.org/visuels_de_la_ville_de_Lille,N/A,0.0
http://example.org/larrive_de_la,N/A,0.0
http://example.org/la_fin_du_XXIe_sicle32,N/A,0.0
http://example.org/Xavier_Moran,N/A,0.0
http://example.org/sur_lensemble_de_la_mtropole,N/A,0.0
http://example.org/Marcianicus,N/A,0.0
http://example.org/une,N/A,0.0
http://example.org/du_Rempart,N/A,0.0
http://example.org/le_codeLille_compte_de_nombreuses,N/A,0.0
http://example.org/mia_qui,N/A,0.0
http://example.org/Miroir,http://www.wikidata.org/entity/Q6873856,0.99
http://example.org/Yves_Saint_Laurent,N/A,0.0
http://example.org/Ed,http://www.wikidata.org/entity/Q224857,0.99
http://example.org/PDF,http://www.wikidata.org/entity/Q42332,0.99
http://example.org/coupeaux_de_sinople,N/A,0.0
http://example.org/Le_Prato,N/A,0.0
http://example.org/_Commune_de_Montpellier,N/A,0.0
http://example.org/Palais_Rihour,N/A,0.0
http://example.org/deuros_au,N/A,0.0
http://example.org/de_la_commune_de_Juvignac95,N/A,0.0
http://example.org/Fil_dAriane,N/A,0.0
http://example.org/nord_de_lEurope,N/A,0.0
http://example.org/Melun,http://www.wikidata.org/entity/Q41139,0.99
http://example.org/Pierre_Paul_Riquet,N/A,0.0
http://example.org/SaintBarthlemy,N/A,0.0
http://example.org/AugustinCharles_dAviler,N/A,0.0
http://example.org/Hospitaliers_de_lordre_de_SaintJean_de_Jrusalem_et,N/A,0.0
http://example.org/de_mobilits_ainsi_quen,N/A,0.0
http://example.org/Retirada,N/A,0.0
http://example.org/Jan_Van_Eyck,N/A,0.0
http://example.org/prfet_de_la_Seine,N/A,0.0
http://example.org/Le_taux_de_chmage_des_actifs_de_15,N/A,0.0
http://example.org/La_place_de_Paris,N/A,0.0
http://example.org/venir_des_amis312,N/A,0.0
http://example.org/Sami_Bouajila,N/A,0.0
http://example.org/mme_quartier_devrait,N/A,0.0
http://example.org/Bigflo_et_Oli,N/A,0.0
http://example.org/AixMarseille,N/A,0.0
http://example.org/Rue_des_Filatiers,N/A,0.0
http://example.org/Lancien_cusson_est,N/A,0.0
http://example.org/au_sud_de_lautoroute_A9,N/A,0.0
http://example.org/le_Muse_de_Cluny,N/A,0.0
http://example.org/le_codeAujourdhui,N/A,0.0
http://example.org/municipaux_dlgus,N/A,0.0
http://example.org/qui_est_de_418_,N/A,0.0
http://example.org/Cayer,http://www.wikidata.org/entity/Q17310742,0.99
http://example.org/Hildesheil__Zrich__NewYork,N/A,0.0
http://example.org/AnneLise_Beaulant,N/A,0.0
http://example.org/dAndr_Tchin,N/A,0.0
http://example.org/Andr_Derain,N/A,0.0
http://example.org/nord_du_dpartement_de_la_HauteGaronne,N/A,0.0
http://example.org/Aubes_Antigone,N/A,0.0
http://example.org/na_pas_t_subdivis,N/A,0.0
http://example.org/Collectif_Vlos,N/A,0.0
http://example.org/Larrt,N/A,0.0
http://example.org/de_la_mer_favorise_linstallation,N/A,0.0
http://example.org/La_chapelle_de_larchiconfrrie_de_la_Trs_SainteTrinit,N/A,0.0
http://example.org/Techener,N/A,0.0
http://example.org/achev_lamnagement_des,N/A,0.0
http://example.org/Toulouse245,N/A,0.0
http://example.org/de_SaintJean,N/A,0.0
http://example.org/le_SudOuest_de_la_place,N/A,0.0
http://example.org/cest_lun_des_plus_vieux_drapeaux_franais_et,N/A,0.0
http://example.org/codeXIXe,N/A,0.0
http://example.org/Yves_Boiret,N/A,0.0
http://example.org/Languedocienne,N/A,0.0
http://example.org/laccord_de_Ricuin_II,N/A,0.0
http://example.org/Cits_et,N/A,0.0
http://example.org/Moyen_geLa_ville,N/A,0.0
http://example.org/Zara,http://www.wikidata.org/entity/Q147614,0.99
http://example.org/Assalam,http://www.wikidata.org/entity/Q119573392,0.99
http://example.org/FlorescaGupin,N/A,0.0
http://example.org/mondiale_de_la_Sant,N/A,0.0
http://example.org/qui_sont_mme_observables,N/A,0.0
http://example.org/quartier_de_La_Joliette,N/A,0.0
http://example.org/linscurit_et_aux_affaires_de_grand_banditisme,N/A,0.0
http://example.org/conomiePoids,N/A,0.0
http://example.org/Regagnas,N/A,0.0
http://example.org/Cosquer,http://www.wikidata.org/entity/Q27465292,0.99
http://example.org/nord_de_la_colline_de_Chaillot,N/A,0.0
http://example.org/Lunit,N/A,0.0
http://example.org/mais_la_remonte,N/A,0.0
http://example.org/de_514_km_de_Valenciennes,N/A,0.0
http://example.org/Montpellier__Section_LOG_T1,N/A,0.0
http://example.org/La_part_de_logements,N/A,0.0
http://example.org/par_lannexion_de,N/A,0.0
http://example.org/Alka_Balbir,N/A,0.0
http://example.org/dans_la_Brie__Courgivaux,N/A,0.0
http://example.org/couvrent_de_nombreux_domaines,N/A,0.0
http://example.org/universit_fait_de_Paris,N/A,0.0
http://example.org/la_cit_des_Ducs,N/A,0.0
http://example.org/lieux_de_cultes,N/A,0.0
http://example.org/Bernard_de_Melgueil,N/A,0.0
http://example.org/Jacques_Temple,N/A,0.0
http://example.org/lexposition_Franois_Pinault_Fondation,N/A,0.0
http://example.org/Kobe,http://www.wikidata.org/entity/Q48320,0.99
http://example.org/Giuseppe_Andr,N/A,0.0
http://example.org/qui_sera,N/A,0.0
http://example.org/avec_la_place_des_VolontairesdelaDfensePassive,N/A,0.0
http://example.org/lA68_au_niveau_de_Gragnague,N/A,0.0
http://example.org/municipaux_et_des_conseillers_communautaires,N/A,0.0
http://example.org/de_Bonald,N/A,0.0
http://example.org/LyonConfluence,N/A,0.0
http://example.org/le_transport_de_matires_dangereuses48,N/A,0.0
http://example.org/Maison_de_la_rue_de_la_Juiverie,N/A,0.0
http://example.org/constitu_de_35,N/A,0.0
http://example.org/Rangueil,http://www.wikidata.org/entity/Q3418959,0.99
http://example.org/Dcrit,N/A,0.0
http://example.org/Rene,http://www.wikidata.org/entity/Q3425302,0.99
http://example.org/dhistoire_naturelle,N/A,0.0
http://example.org/Comit_de_salut,N/A,0.0
http://example.org/Le_recensement_de_1800,N/A,0.0
http://example.org/Lille_Magazine_Spcial,N/A,0.0
http://example.org/Capitale_Toulouse,N/A,0.0
http://example.org/suprieur_reprsente_environ,N/A,0.0
http://example.org/Gilles_Defacque,N/A,0.0
http://example.org/Fiche_de_Radio_Aviva__Montpellier__Fiche_de_Radio_Eko,N/A,0.0
http://example.org/Cest_un_centre_de_recherche_qui,N/A,0.0
http://example.org/la_mort_de_6_600,N/A,0.0
http://example.org/Gwenal_Guillaume,N/A,0.0
http://example.org/base_de_maigre_de_jambon,N/A,0.0
http://example.org/de_Clovis_Cornillac,N/A,0.0
http://example.org/deuros_sont,N/A,0.0
http://example.org/elle_concentre_la,N/A,0.0
http://example.org/Grand_Londres,N/A,0.0
http://example.org/le_codeLe_territoire_de_la_commune_de_Montpellier,N/A,0.0
http://example.org/Volley,http://www.wikidata.org/entity/Q11705157,0.99
http://example.org/La_Semaine_Tout_Courts,N/A,0.0
http://example.org/thtre_XVIIIe_de_Jacques_Philippe_Mareschal,N/A,0.0
http://example.org/Semeuse,http://www.wikidata.org/entity/Q3478396,0.99
http://example.org/Fenouillet,http://www.wikidata.org/entity/Q204937,0.99
http://example.org/ministre_depuis_1973,N/A,0.0
http://example.org/Colonne_Morris,N/A,0.0
http://example.org/ddith_Piaf,N/A,0.0
http://example.org/Groupe_Sup_de_Co_Montpellier_Business_School,N/A,0.0
http://example.org/Pierre_Cadars,N/A,0.0
http://example.org/accessibles_sur_place,N/A,0.0
http://example.org/bois_de_Boulogne,N/A,0.0
http://example.org/La_gare_de_MarseilleSaintCharles,N/A,0.0
http://example.org/Ministre_de_la_Culture_franais279,N/A,0.0
http://example.org/Jacques_Domergue,N/A,0.0
http://example.org/rue_de_Las_Sorbes,N/A,0.0
http://example.org/ont_lieu_au_moyen,N/A,0.0
http://example.org/Maurice_Scve,N/A,0.0
http://example.org/Haribo,http://www.wikidata.org/entity/Q169552,0.99
http://example.org/couleurs_de_la,N/A,0.0
http://example.org/la_poudrerie_et_lArsenal_qui,N/A,0.0
http://example.org/lunit_urbaine_de_Lille,N/A,0.0
http://example.org/Beaux,http://www.wikidata.org/entity/Q520268,0.99
http://example.org/La_commune_de_Toulouse,N/A,0.0
http://example.org/linquitante_alliance,N/A,0.0
http://example.org/dj_marque_par_lindustrialisation_naissante,N/A,0.0
http://example.org/la_cit_aurait_t,N/A,0.0
http://example.org/Centenaire,http://www.wikidata.org/entity/Q2944338,0.99
http://example.org/Colonia,http://www.wikidata.org/entity/Q631152,0.99
http://example.org/Encyclopdia_Niciensis_4,N/A,0.0
http://example.org/Mantega,http://www.wikidata.org/entity/Q131562101,0.99
http://example.org/uvre_de_larchitecte_Ieoh_Ming_Pei,N/A,0.0
http://example.org/agglomrations_de_plus_de_50,N/A,0.0
http://example.org/de_la_Ligue,N/A,0.0
http://example.org/Suivi_de_Guerres_de_la_Vende,N/A,0.0
http://example.org/RangueilLarrey,N/A,0.0
http://example.org/de_Lattes,N/A,0.0
http://example.org/de_CharlesFlix,N/A,0.0
http://example.org/CalmanLvy,N/A,0.0
http://example.org/Alain_Corbin,N/A,0.0
http://example.org/Brepols,http://www.wikidata.org/entity/Q981917,0.99
http://example.org/Jehan_Dufour,N/A,0.0
http://example.org/SaintSava,N/A,0.0
http://example.org/Versailles_le,N/A,0.0
http://example.org/Claire_Chahine,N/A,0.0
http://example.org/Pierre_Landais,N/A,0.0
http://example.org/GalloRomains,N/A,0.0
http://example.org/Montpy,N/A,0.0
http://example.org/Language,http://www.wikidata.org/entity/Q1302060,0.99
http://example.org/avec_pour_lieu_de_culte_lglise,N/A,0.0
http://example.org/fait_de_Toulouse,N/A,0.0
http://example.org/Carrefour,http://www.wikidata.org/entity/Q217599,0.99
http://example.org/chapelle,N/A,0.0
http://example.org/leau_de_Montpellier,N/A,0.0
http://example.org/lintrieur_de_la_ville,N/A,0.0
http://example.org/Nouvelles_Galeries,N/A,0.0
http://example.org/Garat,http://www.wikidata.org/entity/Q243602,0.99
http://example.org/Julliard,http://www.wikidata.org/entity/Q1126847,0.99
http://example.org/Nord_et_de_la_France,N/A,0.0
http://example.org/Salah,http://www.wikidata.org/entity/Q1167572,0.99
http://example.org/fauteuil_de_maire_de_Lille,N/A,0.0
http://example.org/vous_tiez_plus_de_800000,N/A,0.0
http://example.org/sicle_av,N/A,0.0
http://example.org/indication_de_ce_quon,N/A,0.0
http://example.org/Nationale_2,N/A,0.0
http://example.org/du_nord,N/A,0.0
http://example.org/qui_se_diffrencie_des_autres,N/A,0.0
http://example.org/SimianeCollongue,N/A,0.0
http://example.org/kendo,http://www.wikidata.org/entity/Q170931,0.99
http://example.org/Dpartements,N/A,0.0
http://example.org/la_chanson,N/A,0.0
http://example.org/quartier_de_la_PartDieu,N/A,0.0
http://example.org/rappeur,N/A,0.0
http://example.org/Jean_Mrieux,N/A,0.0
http://example.org/Jacques_Cur,N/A,0.0
http://example.org/ClaudeMarie_Perret,N/A,0.0
http://example.org/sen_va,N/A,0.0
http://example.org/Charles_de_Casaulx,N/A,0.0
http://example.org/accueille_de_nombreux_festivals,N/A,0.0
http://example.org/Irne,http://www.wikidata.org/entity/Q4203403,0.99
http://example.org/Casablanca,http://www.wikidata.org/entity/Q3742,0.99
http://example.org/Villeurbanne_et_VaulxenVelin,N/A,0.0
http://example.org/Jean_Moulin_Lyon_III,N/A,0.0
http://example.org/avec_lESRA_Cte,N/A,0.0
http://example.org/de_pierre_de_Lyon,N/A,0.0
http://example.org/la_ville_de_Lyon,N/A,0.0
http://example.org/qui_se_trouve_dans,N/A,0.0
http://example.org/Chantenay,http://www.wikidata.org/entity/Q2956356,0.99
http://example.org/codeLille,N/A,0.0
http://example.org/Jean_Mdecin,N/A,0.0
http://example.org/dun_rseau_de_tramway,N/A,0.0
http://example.org/les_cantons_de_Montpellier1,N/A,0.0
http://example.org/Politique_de_dveloppement,N/A,0.0
http://example.org/La_Brique,N/A,0.0
http://example.org/hospitalier_de_Versailles,N/A,0.0
http://example.org/lhtel_Petipas_de_Walle,N/A,0.0
http://example.org/PierreHenri_Billy,N/A,0.0
http://example.org/Raymond_Schmittlein,N/A,0.0
http://example.org/parc_zoologique_de_Montpellier,N/A,0.0
http://example.org/dtienne_Billires,N/A,0.0
http://example.org/code_Ressources,N/A,0.0
http://example.org/actuelle_depuis_1982,N/A,0.0
http://example.org/la_liaison_avec_la_Corse,N/A,0.0
http://example.org/lemploi_ouvrier,N/A,0.0
http://example.org/Figuerolles,http://www.wikidata.org/entity/Q2933593,0.99
http://example.org/Villesansnom_,N/A,0.0
http://example.org/des_Voraces,N/A,0.0
http://example.org/dhydraulique,N/A,0.0
http://example.org/aussi_la_deuxime_place_financire,N/A,0.0
http://example.org/Laurent_Lucas,N/A,0.0
http://example.org/Les_7e_Jeux_de_la_francophonie,N/A,0.0
http://example.org/Patrick_Cleste,N/A,0.0
http://example.org/ditions_de_lOrante,N/A,0.0
http://example.org/Bois,http://www.wikidata.org/entity/Q407628,0.99
http://example.org/JosephFleury_Chenantais,N/A,0.0
http://example.org/lExode_et_au_Cantique_des_Cantiques,N/A,0.0
http://example.org/GeorgeSand,N/A,0.0
http://example.org/srie_de_btiments_de_la_mme_poque_subit_linfluence,N/A,0.0
http://example.org/mme_si_la_manire_de_lcrire,N/A,0.0
http://example.org/de_limpt_direct,N/A,0.0
http://example.org/Robert_illustr_,N/A,0.0
http://example.org/directeur_de_recherche,N/A,0.0
http://example.org/La_Terreur,N/A,0.0
http://example.org/Japanim_de_province,N/A,0.0
http://example.org/Anne_Charrier,N/A,0.0
http://example.org/Collecte,http://www.wikidata.org/entity/Q2982758,0.99
http://example.org/Rogatien,http://www.wikidata.org/entity/Q60589669,0.99
http://example.org/qui_eut_de_graves,N/A,0.0
http://example.org/Viennois,http://www.wikidata.org/entity/Q21009565,0.99
http://example.org/laquelle,N/A,0.0
http://example.org/John_Axelrod309,N/A,0.0
http://example.org/Mathurin_Crucy,N/A,0.0
http://example.org/du_XIIe,N/A,0.0
http://example.org/Pav,http://www.wikidata.org/entity/Q395760,0.99
http://example.org/de_Busway,N/A,0.0
http://example.org/Fabien_Pelous,N/A,0.0
http://example.org/ArRahma,N/A,0.0
http://example.org/Voir_Jean_Jacquart,N/A,0.0
http://example.org/le_codeAfin_de,N/A,0.0
http://example.org/France204,N/A,0.0
http://example.org/neuvime_compagnie,N/A,0.0
http://example.org/lilloise_voit,N/A,0.0
http://example.org/Belgique_Bruxelles,N/A,0.0
http://example.org/Il_alimente_le_bassin_de_la_Villette,N/A,0.0
http://example.org/Gruissan,http://www.wikidata.org/entity/Q815593,0.99
http://example.org/capitale_de_la_rgion_nouvellement,N/A,0.0
http://example.org/Albert_Ribaucour,N/A,0.0
http://example.org/quip_dun,N/A,0.0
http://example.org/dispositif_de_la,N/A,0.0
http://example.org/luttien_import_de_lOise,N/A,0.0
http://example.org/municipaux__cumuler_leur,N/A,0.0
http://example.org/Edmond_Haraucourt,N/A,0.0
http://example.org/Georges_Brassens,N/A,0.0
http://example.org/SEMITAN,N/A,0.0
http://example.org/Arnold_Von_Harff,N/A,0.0
http://example.org/Tournoi_de_tennis_de_Marseille,N/A,0.0
http://example.org/calcaire_qui_absorbe_les,N/A,0.0
http://example.org/municipaux_de,N/A,0.0
http://example.org/de_SaintPons,N/A,0.0
http://example.org/est_de_32_,N/A,0.0
http://example.org/Philippines,http://www.wikidata.org/entity/Q928,0.99
http://example.org/palais_de_justice_de_Montpellier,N/A,0.0
http://example.org/moyenne_de_316,N/A,0.0
http://example.org/Wault,N/A,0.0
http://example.org/Nice_possde_de_nombreux_muses,N/A,0.0
http://example.org/leur_lieu_de_rsidence,N/A,0.0
http://example.org/La_Cte,N/A,0.0
http://example.org/Corine_Land_Cover,N/A,0.0
http://example.org/bourg,N/A,0.0
http://example.org/Monnaie,http://www.wikidata.org/entity/Q1172014,0.99
http://example.org/MAGEO_morel,N/A,0.0
http://example.org/Cavalier,http://www.wikidata.org/entity/Q420534,0.99
http://example.org/comme_de_nombreux_juifs,N/A,0.0
http://example.org/par_lapport_de_dblais,N/A,0.0
http://example.org/Pierre_Goudouli,N/A,0.0
http://example.org/Albin_Michel,N/A,0.0
http://example.org/halleteghayancom,N/A,0.0
http://example.org/Bourgogne,http://www.wikidata.org/entity/Q1218849,0.99
http://example.org/de_la_mer,N/A,0.0
http://example.org/Cest,N/A,0.0
http://example.org/lcole_des_hautes_tudes_en_sciences_sociales,N/A,0.0
http://example.org/code_Le_Revenant,N/A,0.0
http://example.org/vieux_club,N/A,0.0
http://example.org/Phocens,N/A,0.0
http://example.org/Professeur,N/A,0.0
http://example.org/capital_de_son,N/A,0.0
http://example.org/France_de_lOuest,N/A,0.0
http://example.org/de_Lesquin,N/A,0.0
http://example.org/titre_de_transport_TAN59,N/A,0.0
http://example.org/TNN,http://www.wikidata.org/entity/Q395606,0.99
http://example.org/lHeure_de_Ren_Clment,N/A,0.0
http://example.org/Monplaisir,http://www.wikidata.org/entity/Q2373934,0.99
http://example.org/quartier_de_la_Confluence,N/A,0.0
http://example.org/de_la_vieille_ville,N/A,0.0
http://example.org/par_de_nombreuses_stations429,N/A,0.0
http://example.org/Rem_Koolhaas,N/A,0.0
http://example.org/compos_de_trois,N/A,0.0
http://example.org/Marius_Trsor,N/A,0.0
http://example.org/clricaux_et_anticlricaux,N/A,0.0
http://example.org/rue_des_Poulies,N/A,0.0
http://example.org/de_nouveaux_divorcs,N/A,0.0
http://example.org/devenu_un_htel_de_luxe,N/A,0.0
http://example.org/laide_de_Lambert_II_de_Nantes,N/A,0.0
http://example.org/Sarrasins,N/A,0.0
http://example.org/Olympique_de_Marseille,N/A,0.0
http://example.org/Septimanie,http://www.wikidata.org/entity/Q104699212,0.99
http://example.org/Grand_Sminaire,N/A,0.0
http://example.org/salle_couverte_de_France,N/A,0.0
http://example.org/lextinction_de_la_ligne_des_comtes_de_Toulouse,N/A,0.0
http://example.org/Langue,http://www.wikidata.org/entity/Q1217854,0.99
http://example.org/du_rseau_mais_aussi,N/A,0.0
http://example.org/Cavigal,N/A,0.0
http://example.org/Irlandais,N/A,0.0
http://example.org/juifs_de_la_ville,N/A,0.0
http://example.org/Henri_Soubricas,N/A,0.0
http://example.org/du_tribunal_de_commerce,N/A,0.0
http://example.org/OpenAgenda,N/A,0.0
http://example.org/eau_de_la,N/A,0.0
http://example.org/de_la_Comica,N/A,0.0
http://example.org/CNEWS_Cte,N/A,0.0
http://example.org/sur_la,N/A,0.0
http://example.org/Marsactufr,N/A,0.0
http://example.org/Bernard_Maris,N/A,0.0
http://example.org/de_Marseille_de_la,N/A,0.0
http://example.org/CNSMD,N/A,0.0
http://example.org/spanouit,N/A,0.0
http://example.org/Les_Aventures,N/A,0.0
http://example.org/provenal_moderne,N/A,0.0
http://example.org/Omnisports,N/A,0.0
http://example.org/quatrime_alina_de_larticle_L_2512,N/A,0.0
http://example.org/grce,N/A,0.0
http://example.org/Palais_de_la_Mditerrane,N/A,0.0
http://example.org/Dtruisez_la_Vende,N/A,0.0
http://example.org/Londres394,N/A,0.0
http://example.org/de_Lyon_Qualit_de_lair,N/A,0.0
http://example.org/nom_de_sa,N/A,0.0
http://example.org/JeanChristophe_Brisard,N/A,0.0
http://example.org/Les_Nuits,N/A,0.0
http://example.org/Gnralits,N/A,0.0
http://example.org/Agns_Tamburini,N/A,0.0
http://example.org/ToulouseColomiersBlagnac,N/A,0.0
http://example.org/neuf,N/A,0.0
http://example.org/enqute_de_2006,N/A,0.0
http://example.org/lhonneur_avec,N/A,0.0
http://example.org/Comt_de_Flandre,N/A,0.0
http://example.org/Lconomie_de_la_mtropole_de_Lyon,N/A,0.0
http://example.org/autour_de_la_gare_du_mme_nom,N/A,0.0
http://example.org/Etendre,N/A,0.0
http://example.org/de_Fins,N/A,0.0
http://example.org/Nicolas_Dessaux,N/A,0.0
http://example.org/Couma_va_,N/A,0.0
http://example.org/celle_de_lensemble_de_la_France,N/A,0.0
http://example.org/Prs_de_400_Allemands,N/A,0.0
http://example.org/Kedge_Business_School,N/A,0.0
http://example.org/de_lhtel_de_prfecture,N/A,0.0
http://example.org/de_luniversit_trois,N/A,0.0
http://example.org/droit_de_douane_avec_le,N/A,0.0
http://example.org/de_Louis_XVI_et_de_Napolon_Ier,N/A,0.0
http://example.org/du_thtre_antique_de_Fourvire,N/A,0.0
http://example.org/Lyon_et_Marseille,N/A,0.0
http://example.org/Paul_Amargier,N/A,0.0
http://example.org/Meurtre_de_Quentin,N/A,0.0
http://example.org/Carmes_et_Esquirol,N/A,0.0
http://example.org/Ferrand_de_Portugal,N/A,0.0
http://example.org/Jean_Moulin_Lyon,N/A,0.0
http://example.org/de_Beaucaire,N/A,0.0
http://example.org/Nord_et_de_lOuest,N/A,0.0
http://example.org/de_lui_quil,N/A,0.0
http://example.org/ruisseau_de_la_Mantega,N/A,0.0
http://example.org/La_Chanson_de_Lyon,N/A,0.0
http://example.org/de_Marc_Chagall,N/A,0.0
http://example.org/Cercle,http://www.wikidata.org/entity/Q414721,0.99
http://example.org/Lambersart,http://www.wikidata.org/entity/Q244311,0.99
http://example.org/La_Galerie_Ferrero,N/A,0.0
http://example.org/de_lastronomie,N/A,0.0
http://example.org/concentriques58,N/A,0.0
http://example.org/dAndrieu_de_Montcalvel,N/A,0.0
http://example.org/la_facult_des_sciences_de_Lille,N/A,0.0
http://example.org/subsiste_trois,N/A,0.0
http://example.org/dItalie_de_Toulouse,N/A,0.0
http://example.org/jardin_AlbertIer,N/A,0.0
http://example.org/Louis_XV,N/A,0.0
http://example.org/cest_un,N/A,0.0
http://example.org/Beaujon,http://www.wikidata.org/entity/Q37273017,0.99
http://example.org/Lieux_Dits,N/A,0.0
http://example.org/Raymond_Dronne_de_percer,N/A,0.0
http://example.org/Bulletin_de_la_Revue_dEthnographie,N/A,0.0
http://example.org/T4,http://www.wikidata.org/entity/Q226439,0.99
http://example.org/la_suite,N/A,0.0
http://example.org/voit_se_tenir_le_Salon,N/A,0.0
http://example.org/Les_Blaireaux,N/A,0.0
http://example.org/Autres,N/A,0.0
http://example.org/Dpartement_de_Paris,N/A,0.0
http://example.org/Montpellier_Rennes,N/A,0.0
http://example.org/Le_Campus,N/A,0.0
http://example.org/abrite_aujourdhui_une_salle_de_caf,N/A,0.0
http://example.org/Annonay,http://www.wikidata.org/entity/Q238366,0.99
http://example.org/nom_de_Francis_Gag,N/A,0.0
http://example.org/cimetire_parisien_de_Pantin,N/A,0.0
http://example.org/lactuel_VieuxPort,N/A,0.0
http://example.org/La_Plaine_des_Sports,N/A,0.0
http://example.org/de_Turin,N/A,0.0
http://example.org/Dominique_Toulousy,N/A,0.0
http://example.org/de_Ramonville,N/A,0.0
http://example.org/Le_Thtre_de_verdure,N/A,0.0
http://example.org/un_arrt_du_prfet_de_la_HauteGaronne364365366,N/A,0.0
http://example.org/Boulidou,N/A,0.0
http://example.org/marque_par_la_cration_de_la_Socit,N/A,0.0
http://example.org/tienne_Billires,N/A,0.0
http://example.org/groupe_de_mtal,N/A,0.0
http://example.org/SainteHlne,N/A,0.0
http://example.org/Vasse,http://www.wikidata.org/entity/Q1219404,0.99
http://example.org/avec_notamment,N/A,0.0
http://example.org/Rene_SaintCyr,N/A,0.0
http://example.org/de_Louis_XV,N/A,0.0
http://example.org/il_sagit_de_la_plus,N/A,0.0
http://example.org/Feydeau,http://www.wikidata.org/entity/Q410697,0.99
http://example.org/la_mort_de_son,N/A,0.0
http://example.org/le_codeLe_conseil,N/A,0.0
http://example.org/2022__Dpartement_des_BouchesduRhne,N/A,0.0
http://example.org/neuve_avec_de_nouveaux,N/A,0.0
http://example.org/caisses_de_la,N/A,0.0
http://example.org/universits_sont_fondes,N/A,0.0
http://example.org/Cirque_dHiver,N/A,0.0
http://example.org/compos_de_gingembre,N/A,0.0
http://example.org/haut_lieu_de_la,N/A,0.0
http://example.org/rue_Grammont,N/A,0.0
http://example.org/un_conseil_de_prudhommes,N/A,0.0
http://example.org/Odessa,http://www.wikidata.org/entity/Q128361,0.99
http://example.org/Gilbert_Brustlein,N/A,0.0
http://example.org/apprci,N/A,0.0
http://example.org/Autolib,N/A,0.0
http://example.org/proximit_de_la_mer,N/A,0.0
http://example.org/des_Comores__Du_VieuxPort_de_Marseille,N/A,0.0
http://example.org/tourisme,N/A,0.0
http://example.org/Olivier_Vatine,N/A,0.0
http://example.org/Orvault,http://www.wikidata.org/entity/Q271407,0.99
http://example.org/sportifs_dfinis,N/A,0.0
http://example.org/Max_Rouquette,N/A,0.0
http://example.org/la_maison_diocsaine322,N/A,0.0
http://example.org/du_XIIe_sicle_de_lcole_polyphonique_de_NotreDame,N/A,0.0
http://example.org/de_Charles_de_Gaulle,N/A,0.0
http://example.org/la_cit_de_Nantes,N/A,0.0
http://example.org/lexistence_dun,N/A,0.0
http://example.org/ciaprs,N/A,0.0
http://example.org/mur_denceinte_fait_de_briques,N/A,0.0
http://example.org/rescape_de_Ravensbrck,N/A,0.0
http://example.org/ministre_de_lcologie,N/A,0.0
http://example.org/de_lItalie_de_la_Renaissance,N/A,0.0
http://example.org/Gilli,http://www.wikidata.org/entity/Q737230,0.99
http://example.org/Nantes_Retrouve,N/A,0.0
http://example.org/A61A9A7,N/A,0.0
http://example.org/Les_employs_de_commerce_et_le_personnel_de_services,N/A,0.0
http://example.org/Conseillers_de_secteur,N/A,0.0
http://example.org/Radio_Grenouille,N/A,0.0
http://example.org/T3a_et_T3b,N/A,0.0
http://example.org/Lagoraforum,N/A,0.0
http://example.org/Mirko_Vidovic,N/A,0.0
http://example.org/Belgique,http://www.wikidata.org/entity/Q3471804,0.99
http://example.org/dEllenPrvot,N/A,0.0
http://example.org/Jacques_SaintTropez,N/A,0.0
http://example.org/JeanMichel_Decugis,N/A,0.0
http://example.org/de_la_jeune_cration_contemporaine,N/A,0.0
http://example.org/Victor_Gelu,N/A,0.0
http://example.org/Campus_Sud_des_Mtiers,N/A,0.0
http://example.org/Essai_dexplication_dun,N/A,0.0
http://example.org/douard_Privat_,N/A,0.0
http://example.org/Davioud,N/A,0.0
http://example.org/tuile_vernise_de_couleur,N/A,0.0
http://example.org/Lyon__Mossoul,N/A,0.0
http://example.org/Du_Ve,N/A,0.0
http://example.org/de_fume,N/A,0.0
http://example.org/Mjanelle,N/A,0.0
http://example.org/Charles_de_Gaulle,N/A,0.0
http://example.org/Tours_et_Nantes,N/A,0.0
http://example.org/doprette_mais,N/A,0.0
http://example.org/dclinaison_locale_de_Chrie_FM,N/A,0.0
http://example.org/VilleneuveTolosane,N/A,0.0
http://example.org/Messieurs,http://www.wikidata.org/entity/Q106499102,0.99
http://example.org/La_Chzine,N/A,0.0
http://example.org/commerciaux_de_taille_moyenne,N/A,0.0
http://example.org/Tri_Postal,N/A,0.0
http://example.org/la_ville_compterf,N/A,0.0
http://example.org/Nances,http://www.wikidata.org/entity/Q430205,0.99
http://example.org/soutien_de_ltat152,N/A,0.0
http://example.org/Constana65,N/A,0.0
http://example.org/le_Lyonnais,N/A,0.0
http://example.org/Maselha,N/A,0.0
http://example.org/de_LOlympic,N/A,0.0
http://example.org/Vieille,http://www.wikidata.org/entity/Q3557921,0.99
http://example.org/Pierre_Miquel,N/A,0.0
http://example.org/LAcadmie,N/A,0.0
http://example.org/un_htel_de_luxe,N/A,0.0
http://example.org/venir_de_Paris_la_guillotine,N/A,0.0
http://example.org/La_Troisime_Rpublique,N/A,0.0
http://example.org/MartinLutherKing,N/A,0.0
http://example.org/avec_le_Muse,N/A,0.0
http://example.org/Sante_Caserio,N/A,0.0
http://example.org/Ernest_Ferroul,N/A,0.0
http://example.org/Airbus_des_Ramassiers_et_de_SaintMartinduTouch,N/A,0.0
http://example.org/Cantguic,N/A,0.0
http://example.org/Max_Ernst,N/A,0.0
http://example.org/AixMarseille__OCDE,N/A,0.0
http://example.org/Lyonmagcom,N/A,0.0
http://example.org/WebTime_Media,N/A,0.0
http://example.org/la_riche_dcoration,N/A,0.0
http://example.org/quartier_de_lancien_faubourg_de_La_Guillotire,N/A,0.0
http://example.org/UDC,http://www.wikidata.org/entity/Q332063,0.99
http://example.org/avant_de_se,N/A,0.0
http://example.org/qui_se_droulrent_finalement,N/A,0.0
http://example.org/Le_CHU_de_Montpellier,N/A,0.0
http://example.org/Collomb,http://www.wikidata.org/entity/Q1109917,0.99
http://example.org/Montpellier,http://www.wikidata.org/entity/Q6441,0.99
http://example.org/chapelle_de_lHtelDieu_de,N/A,0.0
http://example.org/A62A20A71A10A6,N/A,0.0
http://example.org/_Entretien,N/A,0.0
http://example.org/Syndicat,http://www.wikidata.org/entity/Q20998339,0.99
http://example.org/Depuis_louverture_de_la,N/A,0.0
http://example.org/au_clos_Jouve,N/A,0.0
http://example.org/ville_tudiante,N/A,0.0
http://example.org/Erevan,http://www.wikidata.org/entity/Q55117493,0.99
http://example.org/titre_de_remarquable,N/A,0.0
http://example.org/juifs_de_France,N/A,0.0
http://example.org/de_Beauville,N/A,0.0
http://example.org/lextrieur_de_Paris,N/A,0.0
http://example.org/Environ_360_ha_de_terrains,N/A,0.0
http://example.org/travaux_de_la_rue_de_Metz,N/A,0.0
http://example.org/facult_de_droit,N/A,0.0
http://example.org/un_nouveau,N/A,0.0
http://example.org/Roland_Saussac,N/A,0.0
http://example.org/mme_de_Toulouse,N/A,0.0
http://example.org/Marius_et_Jeannette,N/A,0.0
http://example.org/Augustin_Fliche,N/A,0.0
http://example.org/Nice__Moscou,N/A,0.0
http://example.org/dactions_de,N/A,0.0
http://example.org/il_avait,N/A,0.0
http://example.org/Riquet,http://www.wikidata.org/entity/Q533045,0.99
http://example.org/Georges_Labit,N/A,0.0
http://example.org/LER,http://www.wikidata.org/entity/Q1798024,0.99
http://example.org/Tiss_Mtisse,N/A,0.0
http://example.org/de_comdien,N/A,0.0
http://example.org/LExpress__Eugne_Atget,N/A,0.0
http://example.org/deuros_de_retombes,N/A,0.0
http://example.org/du_rouge,N/A,0.0
http://example.org/dune_superficie_de_huit,N/A,0.0
http://example.org/quatre_sicles_de_dvotion,N/A,0.0
http://example.org/relvent_de_lacadmie_de_Lille152,N/A,0.0
http://example.org/Omnibus,http://www.wikidata.org/entity/Q44303,0.99
http://example.org/Le_vin_de_Bellet,N/A,0.0
http://example.org/Nouveau_Lyon,N/A,0.0
http://example.org/bleu_fonc,N/A,0.0
http://example.org/locaux_en,N/A,0.0
http://example.org/Quoi_quil,N/A,0.0
http://example.org/dveloppe_et_senrichit_despces_qui,N/A,0.0
http://example.org/ric_Sommier,N/A,0.0
http://example.org/la_Sardaigne,N/A,0.0
http://example.org/Jean_Anckaert,N/A,0.0
http://example.org/Pierre_Gaffi,N/A,0.0
http://example.org/fille_de_Louis_II_de_Flandre,N/A,0.0
http://example.org/MarieChristine_Helgerson,N/A,0.0
http://example.org/surnomme_la__cit,N/A,0.0
http://example.org/de_lhpital_Lapeyronie,N/A,0.0
http://example.org/Parlement_de_Bretagne,N/A,0.0
http://example.org/Mathilde_Monnier,N/A,0.0
http://example.org/GnralSaramito,N/A,0.0
http://example.org/provenant_de_lindustrie,N/A,0.0
http://example.org/Fer,http://www.wikidata.org/entity/Q348469,0.99
http://example.org/estudiantin_de_la_ville,N/A,0.0
http://example.org/de_SaintGilles,N/A,0.0
http://example.org/SaintPierredesCuisines,N/A,0.0
http://example.org/SainteAnne,N/A,0.0
http://example.org/bien,N/A,0.0
http://example.org/Kercouet,N/A,0.0
http://example.org/Volques_Tectosages,N/A,0.0
http://example.org/Adolphe_Niel,N/A,0.0
http://example.org/Gilles_Retire,N/A,0.0
http://example.org/creusets_de_la_civilisation,N/A,0.0
http://example.org/Mineure,N/A,0.0
http://example.org/attire_de_plus_en_plus,N/A,0.0
http://example.org/Mas_de_Tesse,N/A,0.0
http://example.org/Naoned_Nantes,N/A,0.0
http://example.org/laccord_du,N/A,0.0
http://example.org/Nice_VolleyBall190,N/A,0.0
http://example.org/bureaux_des_Ateliers,N/A,0.0
http://example.org/Larrt_du_7,N/A,0.0
http://example.org/Patton,http://www.wikidata.org/entity/Q217220,0.99
http://example.org/Bellevue__Chantenay__SainteAnne,N/A,0.0
http://example.org/Histoire_de_Montpellier,N/A,0.0
http://example.org/transport_de_marchandise,N/A,0.0
http://example.org/Candidat,N/A,0.0
http://example.org/Tholos_des_Grecs,N/A,0.0
http://example.org/roi_de_Sardaigne_CharlesFlix,N/A,0.0
http://example.org/Raymond_Warnod,N/A,0.0
http://example.org/SaintDenis,N/A,0.0
http://example.org/Thiaffait,N/A,0.0
http://example.org/Caf_Bibent,N/A,0.0
http://example.org/MarseilleCassis,N/A,0.0
http://example.org/niart,N/A,0.0
http://example.org/Paul_Carbone,N/A,0.0
http://example.org/Michle_Laroque,N/A,0.0
http://example.org/CENTRALE_Mditerrane,N/A,0.0
http://example.org/la_loi_,N/A,0.0
http://example.org/de_la_rue_SaintBon,N/A,0.0
http://example.org/Lamartine,http://www.wikidata.org/entity/Q1217798,0.99
http://example.org/de_lart,N/A,0.0
http://example.org/Air_Transat_lt,N/A,0.0
http://example.org/La_RN844,N/A,0.0
http://example.org/lpoque_de_lordonnance_de_VillersCotterts,N/A,0.0
http://example.org/lAropostale,N/A,0.0
http://example.org/connues_de_nos_jours,N/A,0.0
http://example.org/plat_,N/A,0.0
http://example.org/La_ville_de_Nice,N/A,0.0
http://example.org/Reda_Caire,N/A,0.0
http://example.org/laxe_de_communication,N/A,0.0
http://example.org/Nancy,http://www.wikidata.org/entity/Q40898,0.99
http://example.org/Nantes_Rvolte,N/A,0.0
http://example.org/LEspace_Julien,N/A,0.0
http://example.org/Lucien_de_Rubempr,N/A,0.0
http://example.org/Louisville138,N/A,0.0
http://example.org/elle_sert_beaucoup_de_lieux_daction_pour,N/A,0.0
http://example.org/Club,http://www.wikidata.org/entity/Q182949,0.99
http://example.org/Paco_Rabanne,N/A,0.0
http://example.org/Couleur_3,N/A,0.0
http://example.org/de_Prfet_de_Police,N/A,0.0
http://example.org/Hauts_Moulins,N/A,0.0
http://example.org/Hospice_Gantois_de_Lille,N/A,0.0
http://example.org/autour_de_la_Place_Massna,N/A,0.0
http://example.org/Lisbonne,http://www.wikidata.org/entity/Q3242470,0.99
http://example.org/Lcusson,N/A,0.0
http://example.org/club_de_Lyon,N/A,0.0
http://example.org/nom_en_ancien_franais,N/A,0.0
http://example.org/ville_tudiante_de_France,N/A,0.0
http://example.org/Chaque,N/A,0.0
http://example.org/Gal_Kakuta,N/A,0.0
http://example.org/journaux,N/A,0.0
http://example.org/Mourad_Merzouki,N/A,0.0
http://example.org/parc_de_Maison_Blanche,N/A,0.0
http://example.org/La_Friche_Belle_de_Mai,N/A,0.0
http://example.org/la_clinique_de_la_Croix_du_Sud,N/A,0.0
http://example.org/la_ville_sest,N/A,0.0
http://example.org/Bocuse,http://www.wikidata.org/entity/Q2908335,0.99
http://example.org/Beaulieu,http://www.wikidata.org/entity/Q186954,0.99
http://example.org/maisons_de_ville_et_despaces_verts38,N/A,0.0
http://example.org/Pierre_de_Fermat,N/A,0.0
http://example.org/Geoffrin,N/A,0.0
http://example.org/ville_de_mode,N/A,0.0
http://example.org/LOncopole_de_Toulouse,N/A,0.0
http://example.org/la_cration_des_dpartements,N/A,0.0
http://example.org/Feux,http://www.wikidata.org/entity/Q1423942,0.99
http://example.org/larchitecte_Jean_Nouvel,N/A,0.0
http://example.org/Cavigal_Nice_Handball,N/A,0.0
http://example.org/JeanMarc_Manach,N/A,0.0
http://example.org/Lyon_France,N/A,0.0
http://example.org/actuelle_de_Tugan_Sokhiev,N/A,0.0
http://example.org/La_5e,N/A,0.0
http://example.org/trne_la,N/A,0.0
http://example.org/Joseph_Duclos,N/A,0.0
http://example.org/la_citadelle_de_Montpellier,N/A,0.0
http://example.org/lhomophobie,N/A,0.0
http://example.org/le_codeEn_2011,N/A,0.0
http://example.org/Loire_Princesse,N/A,0.0
http://example.org/ville_qui_donne_faim___Paul_Bocuse,N/A,0.0
http://example.org/SaintCyprien_et,N/A,0.0
http://example.org/F2,http://www.wikidata.org/entity/Q296711,0.99
http://example.org/Ouverte,N/A,0.0
http://example.org/de_PechDavid,N/A,0.0
http://example.org/Palais_de_la_Bourse,N/A,0.0
http://example.org/nationale_qui_est_de,N/A,0.0
http://example.org/SaintCyrsurLoire,N/A,0.0
http://example.org/Cornil_Thain,N/A,0.0
http://example.org/gs_de_moins_de_35,N/A,0.0
http://example.org/Elisabeth_Coste,N/A,0.0
http://example.org/sur_la_place_de_la_Comdie,N/A,0.0
http://example.org/Elle_se_jette,N/A,0.0
http://example.org/Emil_Cioran,N/A,0.0
http://example.org/atteindre_vingt,N/A,0.0
http://example.org/Pierre_Puget,N/A,0.0
http://example.org/est_de_144_C,N/A,0.0
http://example.org/quatre_points_de_plus,N/A,0.0
http://example.org/Disparits,N/A,0.0
http://example.org/Resonor,N/A,0.0
http://example.org/Rivire_Blanche,N/A,0.0
http://example.org/jeu_de_boules210,N/A,0.0
http://example.org/de_larme_de_Terre,N/A,0.0
http://example.org/Selon,http://www.wikidata.org/entity/Q23835359,0.99
http://example.org/De_larsenal_des_galres_qui,N/A,0.0
http://example.org/Alain_Brisson,N/A,0.0
http://example.org/mme_cas,N/A,0.0
http://example.org/de_Cocagne,N/A,0.0
http://example.org/le_quotidien_rgional_de_La_Dpche_du_Midi,N/A,0.0
http://example.org/cur_du_laboratoire_de_la_violence,N/A,0.0
http://example.org/haussmannien_des_Brotteaux,N/A,0.0
http://example.org/substrat_occitan,N/A,0.0
http://example.org/Antonin_Magne_1939,N/A,0.0
http://example.org/Cimiez,http://www.wikidata.org/entity/Q1092126,0.99
http://example.org/sur_wwweglisesorg,N/A,0.0
http://example.org/de_JeanLouis_Blanc_qui,N/A,0.0
http://example.org/Pulsomatic,N/A,0.0
http://example.org/avec_des,N/A,0.0
http://example.org/Hrault_Tribune,N/A,0.0
http://example.org/Bouteillerie,http://www.wikidata.org/entity/Q25382288,0.99
http://example.org/ONLYLYON,N/A,0.0
http://example.org/Martial_MeunierJourde,N/A,0.0
http://example.org/de_773_mm,N/A,0.0
http://example.org/Bernard_Schreier,N/A,0.0
http://example.org/Jean_Joubert,N/A,0.0
http://example.org/En_Hollande,N/A,0.0
http://example.org/CentJours,N/A,0.0
http://example.org/darchologie_de_luniversit_de_Nantes,N/A,0.0
http://example.org/toitterrasse,N/A,0.0
http://example.org/Bureau_de_Bienfaisance74,N/A,0.0
http://example.org/rang_de,N/A,0.0
http://example.org/universits_dvry_et_de_Versailles__SaintQuentinenYvelines,N/A,0.0
http://example.org/monde247,N/A,0.0
http://example.org/Lucie,http://www.wikidata.org/entity/Q1617357,0.99
http://example.org/de_la_moyenne,N/A,0.0
http://example.org/trouve_de_nombreux,N/A,0.0
http://example.org/Seule_Marseille,N/A,0.0
http://example.org/Insee__Recensement_de_la_population_de_2006__volution,N/A,0.0
http://example.org/Heyrieux,http://www.wikidata.org/entity/Q859343,0.99
http://example.org/gras,http://www.wikidata.org/entity/Q3055316,0.99
http://example.org/Anne_Boyer_Alain,N/A,0.0
http://example.org/Quand,http://www.wikidata.org/entity/Q79140675,0.99
http://example.org/Gilbert_Vaudey,N/A,0.0
http://example.org/de_LOral,N/A,0.0
http://example.org/du_principat_franais_,N/A,0.0
http://example.org/dun,http://www.wikidata.org/entity/Q91818,0.99
http://example.org/Louis_Seigner,N/A,0.0
http://example.org/LUnivers,N/A,0.0
http://example.org/quartier_de_la_Madeleine__Lyon,N/A,0.0
http://example.org/Propos_durbanisme,N/A,0.0
http://example.org/Athnes,N/A,0.0
http://example.org/Ozenne,http://www.wikidata.org/entity/Q3359208,0.99
http://example.org/Joseph_Gros,N/A,0.0
http://example.org/905_FM,N/A,0.0
http://example.org/Il_abrite_la_chapelle_Sainttienne,N/A,0.0
http://example.org/du_vin,N/A,0.0
http://example.org/Calena,N/A,0.0
http://example.org/Patrick_Pignard_Paulette_Salles,N/A,0.0
http://example.org/Maurice_Block,N/A,0.0
http://example.org/Abricots,http://www.wikidata.org/entity/Q946128,0.99
http://example.org/bord_de_la_Garonne,N/A,0.0
http://example.org/Parisrf,N/A,0.0
http://example.org/DEN,http://www.wikidata.org/entity/Q360953,0.99
http://example.org/Boutographies,N/A,0.0
http://example.org/PurpanAncely,N/A,0.0
http://example.org/chteau_des_ducs_de_Bretagne,N/A,0.0
http://example.org/lEmpereur,N/A,0.0
http://example.org/Petit_Train,N/A,0.0
http://example.org/puissance_mditerranenne,N/A,0.0
http://example.org/pour_la,N/A,0.0
http://example.org/laroport_de_LyonSaintExupry,N/A,0.0
http://example.org/CSA,http://www.wikidata.org/entity/Q224025,0.99
http://example.org/Le_pastis,N/A,0.0
http://example.org/daroport_de_NotreDamedesLandes,N/A,0.0
http://example.org/Ren_dAnjou,N/A,0.0
http://example.org/dun_tribunal_de_commerce,N/A,0.0
http://example.org/Eusbe_de_Csare,N/A,0.0
http://example.org/Le_Tour_de_Gaule_dAstrix,N/A,0.0
http://example.org/Librairie_Giard,N/A,0.0
http://example.org/Vignobles,N/A,0.0
http://example.org/temps_de_loccupation,N/A,0.0
http://example.org/ville_et_dpartement,N/A,0.0
http://example.org/Claude_Chabrol,N/A,0.0
http://example.org/la_couronne,N/A,0.0
http://example.org/Mario_Botta,N/A,0.0
http://example.org/Zemon_Davis,N/A,0.0
http://example.org/Breil__Barberie,N/A,0.0
http://example.org/nord_de_Lyon_jusqu_la_commune_de_VillefranchesurSane,N/A,0.0
http://example.org/dpoque,N/A,0.0
http://example.org/Htel_de_Ville,N/A,0.0
http://example.org/Joan,http://www.wikidata.org/entity/Q423962,0.99
http://example.org/Sainte_Marguerite,N/A,0.0
http://example.org/Csa,N/A,0.0
http://example.org/le_code_Alep_Syrie,N/A,0.0
http://example.org/Monein_d_Princi_Negue,N/A,0.0
http://example.org/sein_de_lcusson,N/A,0.0
http://example.org/palais_de_justice,N/A,0.0
http://example.org/Mers,http://www.wikidata.org/entity/Q37569424,0.99
http://example.org/la_crise_de_1845,N/A,0.0
http://example.org/ToLyon,N/A,0.0
http://example.org/la_ville_ancienne,N/A,0.0
http://example.org/aussi_de_lieux_qui_lui_sont,N/A,0.0
http://example.org/Du_ct_des_sucreries,N/A,0.0
http://example.org/Souvenirs_de_Cret,N/A,0.0
http://example.org/Le_Journal_de_Lyon_Deux__Le_Magazine,N/A,0.0
http://example.org/actuellement_de_larchevch_des_glises,N/A,0.0
http://example.org/Palais_Omnisports_Marseille_Grand_Est,N/A,0.0
http://example.org/_lorigine_de_la,N/A,0.0
http://example.org/moyenne_est_de_106_C,N/A,0.0
http://example.org/Antenne_du_Consulat_Gnral_dItalie__Marseille,N/A,0.0
http://example.org/DIV,http://www.wikidata.org/entity/Q12764304,0.99
http://example.org/Les_PiedsNoirs,N/A,0.0
http://example.org/du_comte_de_Provence,N/A,0.0
http://example.org/Joseph_Galinier,N/A,0.0
http://example.org/Virginie_Ledoyen,N/A,0.0
http://example.org/la_Banquire21,N/A,0.0
http://example.org/dric_Guirado,N/A,0.0
http://example.org/Lille__Section_LOG_T2,N/A,0.0
http://example.org/nouveau_quartier_de_Paris_Rive_Gauche,N/A,0.0
http://example.org/Mais_la,N/A,0.0
http://example.org/sur_ladepechefr_consult_le,N/A,0.0
http://example.org/un_autre_port,N/A,0.0
http://example.org/de_198,N/A,0.0
http://example.org/ntait_que,N/A,0.0
http://example.org/Jacques_Maillot,N/A,0.0
http://example.org/de_PME,N/A,0.0
http://example.org/beignets_de_fleurs_de_courgette,N/A,0.0
http://example.org/augmente_de_nouveau,N/A,0.0
http://example.org/Alfred_Lalli,N/A,0.0
http://example.org/Bernard_Clavel,N/A,0.0
http://example.org/jardin_des_Vestiges92,N/A,0.0
http://example.org/la_commune_de_Grabels,N/A,0.0
http://example.org/Donatien_de_Sade,N/A,0.0
http://example.org/de_concert_de_6_500,N/A,0.0
http://example.org/Le_Pannonica,N/A,0.0
http://example.org/Robert_Lafont,N/A,0.0
http://example.org/sein_de_la_rgion,N/A,0.0
http://example.org/LilleRoubaixTourcoing93,N/A,0.0
http://example.org/dpaisseur_de,N/A,0.0
http://example.org/Ramallah,http://www.wikidata.org/entity/Q158119,0.99
http://example.org/Il_concentre_ainsi,N/A,0.0
http://example.org/locaux_de_lagglomration175,N/A,0.0
http://example.org/Robert_Gudiguian,N/A,0.0
http://example.org/rayonnement_de_la_gastronomie,N/A,0.0
http://example.org/SainteMarie,N/A,0.0
http://example.org/Jean_Honor,N/A,0.0
http://example.org/de_Montpellier__Palavas,N/A,0.0
http://example.org/H_Champion,N/A,0.0
http://example.org/Luxembourg,http://www.wikidata.org/entity/Q32,0.99
http://example.org/Le_groupe_de_radios,N/A,0.0
http://example.org/dune_quinzaine_de_muses_qui,N/A,0.0
http://example.org/abrite_aussi,N/A,0.0
http://example.org/bois_sculpt_de_Franois_Rude,N/A,0.0
http://example.org/directeur_de_lObservatoire_rgional_de_la_dlinquance,N/A,0.0
http://example.org/Casa_de_Espaa,N/A,0.0
http://example.org/SaintJean,N/A,0.0
http://example.org/de_lA11__lchangeur,N/A,0.0
http://example.org/comporte_aujourdhui_un,N/A,0.0
http://example.org/lHtel_de_Ville,N/A,0.0
http://example.org/Lille_Nord,N/A,0.0
http://example.org/Maud_S_Mandel,N/A,0.0
http://example.org/SaintNicolasdeMyre,N/A,0.0
http://example.org/lieu_de_culte_chrtien_le,N/A,0.0
http://example.org/matre_de_la_ville,N/A,0.0
http://example.org/tudes_Massalites,N/A,0.0
http://example.org/universits,N/A,0.0
http://example.org/Runion_des_muses,N/A,0.0
http://example.org/Valrie_Hernandez,N/A,0.0
http://example.org/ce_qui_lui_permet_daccueillir_environ,N/A,0.0
http://example.org/Lon_de_Rosny,N/A,0.0
http://example.org/Yvelines,N/A,0.0
http://example.org/El_Houda,N/A,0.0
http://example.org/mois_de_2019,N/A,0.0
http://example.org/SantMarseille,N/A,0.0
http://example.org/Sri_Lanka,N/A,0.0
http://example.org/de_la_cuisine_avec,N/A,0.0
http://example.org/celle_de_sa,N/A,0.0
http://example.org/homme_politique_de_la_Cte,N/A,0.0
http://example.org/cinq_fois,N/A,0.0
http://example.org/Acadmie_de_Rennes,N/A,0.0
http://example.org/valles_de_la_Vsubie,N/A,0.0
http://example.org/hberg_sur_webarchiveorg,N/A,0.0
http://example.org/Montmorency,http://www.wikidata.org/entity/Q316891,0.99
http://example.org/Prsidentielle_2022__Nice,N/A,0.0
http://example.org/latinise_de_Monte,N/A,0.0
http://example.org/Amiens_des_Ambiens,N/A,0.0
http://example.org/Conservatoire_national_de_rgion,N/A,0.0
http://example.org/Il_sagit_de_lacte_de_donation,N/A,0.0
http://example.org/Papus,http://www.wikidata.org/entity/Q9055254,0.99
http://example.org/tablissements_denseignement,N/A,0.0
http://example.org/Daniel_Brhl,N/A,0.0
http://example.org/Jean_Rigollet,N/A,0.0
http://example.org/Nicole_Avril,N/A,0.0
http://example.org/Baudouin_V_de_Flandre,N/A,0.0
http://example.org/devrait_accueillir_deux,N/A,0.0
http://example.org/Znith_Strasbourg_Europe,N/A,0.0
http://example.org/Dukas,http://www.wikidata.org/entity/Q16353242,0.99
http://example.org/lOL_de_1950__2015,N/A,0.0
http://example.org/la_facult_de_droit,N/A,0.0
http://example.org/lisabeth_Garouste,N/A,0.0
http://example.org/Chenantais,N/A,0.0
http://example.org/Palestine,http://www.wikidata.org/entity/Q23792,0.99
http://example.org/Naonnet,N/A,0.0
http://example.org/Moltemont,N/A,0.0
http://example.org/celui_de_Rouen,N/A,0.0
http://example.org/Boulogne,http://www.wikidata.org/entity/Q223965,0.99
http://example.org/de_la_Seine,N/A,0.0
http://example.org/chaque_mois_de_juin,N/A,0.0
http://example.org/Allan_Kardec,N/A,0.0
http://example.org/Notre,http://www.wikidata.org/entity/Q11009194,0.99
http://example.org/LonGabriel_Gros,N/A,0.0
http://example.org/Contre_Attaque,N/A,0.0
http://example.org/celui_de_Lyon,N/A,0.0
http://example.org/du_tourisme_de_Lille,N/A,0.0
http://example.org/eu,N/A,0.0
http://example.org/code_Le_Rgent,N/A,0.0
http://example.org/de_Lorraine,N/A,0.0
http://example.org/lAncien_Rgime,N/A,0.0
http://example.org/Collectif,http://www.wikidata.org/entity/Q123002151,0.99
http://example.org/nest,N/A,0.0
http://example.org/Alexandre_Astier,N/A,0.0
http://example.org/de_la_rue_Royale,N/A,0.0
http://example.org/Renault_Trucks,N/A,0.0
http://example.org/Toulouse423424,N/A,0.0
http://example.org/quartier_de_Chteau_Rouge,N/A,0.0
http://example.org/crche_et_damnager_des_espaces,N/A,0.0
http://example.org/deux_autres,N/A,0.0
http://example.org/linfluence_de_Lille_sest,N/A,0.0
http://example.org/nom__la_ville,N/A,0.0
http://example.org/Louis_Sellier,N/A,0.0
http://example.org/de_Malte,N/A,0.0
http://example.org/Al_Imane,N/A,0.0
http://example.org/fronton_de_laile_nord,N/A,0.0
http://example.org/Bibliothque_Marabout,N/A,0.0
http://example.org/Radio_Vitamine,N/A,0.0
http://example.org/htel_un,N/A,0.0
http://example.org/le_code_La_Fin,N/A,0.0
http://example.org/reu_mission_de_rsoudre,N/A,0.0
http://example.org/Marc_Chagall,N/A,0.0
http://example.org/de_la_loi_SRU,N/A,0.0
http://example.org/Jacques_Ier_dAragon,N/A,0.0
http://example.org/llection_prsidentielle_de_2007,N/A,0.0
http://example.org/le_codeCre_en,N/A,0.0
http://example.org/Royal,http://www.wikidata.org/entity/Q240845,0.99
http://example.org/demand_en,N/A,0.0
http://example.org/commerce_et_de_lartisanat,N/A,0.0
http://example.org/Vuillard,http://www.wikidata.org/entity/Q3563762,0.99
http://example.org/La_craie,N/A,0.0
http://example.org/AlexandreIII,N/A,0.0
http://example.org/Laurent_Blanc,N/A,0.0
http://example.org/Herman,http://www.wikidata.org/entity/Q1428284,0.99
http://example.org/mandat_de_JeanLuc_Moudenc,N/A,0.0
http://example.org/quartier_de_la_Joliette,N/A,0.0
http://example.org/contrebas_de_quelques,N/A,0.0
http://example.org/tre_le_centre_des_plus,N/A,0.0
http://example.org/AlliMaccarani,N/A,0.0
http://example.org/Pierre_Guibert,N/A,0.0
http://example.org/Negresco,http://www.wikidata.org/entity/Q2166129,0.99
http://example.org/de_lArc_de_Triomphe,N/A,0.0
http://example.org/la_villa_des_Arnes,N/A,0.0
http://example.org/Mark_Cavendish_2013,N/A,0.0
http://example.org/Raymond_Dugrand,N/A,0.0
http://example.org/Scolaire_SaintJoseph,N/A,0.0
http://example.org/BarceloneGnesLyonMarseille,N/A,0.0
http://example.org/trouve_le_Maire,N/A,0.0
http://example.org/JeanBaptiste_Baronian,N/A,0.0
http://example.org/vgtaux_et_animaux_ainsi_quune,N/A,0.0
http://example.org/La_CroixRousse,N/A,0.0
http://example.org/Rillieux,http://www.wikidata.org/entity/Q3432071,0.99
http://example.org/la_Sane,N/A,0.0
http://example.org/annuel_de_films,N/A,0.0
http://example.org/mais_coexiste,N/A,0.0
http://example.org/Denise_Gilman,N/A,0.0
http://example.org/de_Lespinasse__SaintJory__Eurocentre,N/A,0.0
http://example.org/Au_Guide,N/A,0.0
http://example.org/codeDu_Nolithique,N/A,0.0
http://example.org/philharmonie,N/A,0.0
http://example.org/Louise_de_Bettignies,N/A,0.0
http://example.org/David_Grimm,N/A,0.0
http://example.org/du_XXIe,N/A,0.0
http://example.org/BDM_TV,N/A,0.0
http://example.org/Geoffray_Musial,N/A,0.0
http://example.org/Fernando_Alonso,N/A,0.0
http://example.org/SaintClair,N/A,0.0
http://example.org/Molinier,http://www.wikidata.org/entity/Q3319518,0.99
http://example.org/datteindre_Paris,N/A,0.0
http://example.org/prvoit_des_dpenses,N/A,0.0
http://example.org/qui_ltat_lavait,N/A,0.0
http://example.org/mer_de_sinople,N/A,0.0
http://example.org/larchitecte_David_Grimm,N/A,0.0
http://example.org/assista,N/A,0.0
http://example.org/avec_qui_il,N/A,0.0
http://example.org/prsid_par,N/A,0.0
http://example.org/quartier_de_Gairaut,N/A,0.0
http://example.org/Nol115,N/A,0.0
http://example.org/Nicole_Salat,N/A,0.0
http://example.org/Il_sagit_de_NRJ_Paris,N/A,0.0
http://example.org/mais_il_seffectue_essentiellement,N/A,0.0
http://example.org/Bethlem,http://www.wikidata.org/entity/Q16290608,0.99
http://example.org/sur_lalbum_2,N/A,0.0
http://example.org/ont_dpos_un,N/A,0.0
http://example.org/Toulouse_IV,N/A,0.0
http://example.org/dveloppement_de_linsecte,N/A,0.0
http://example.org/Montbrison,http://www.wikidata.org/entity/Q213288,0.99
http://example.org/le_Journal_du_Dpartement,N/A,0.0
http://example.org/lintrieur,N/A,0.0
http://example.org/Quartier_GnralSabatier,N/A,0.0
http://example.org/Zohra_El_Kouacheri_JeanLouis_Llorca,N/A,0.0
http://example.org/Daniel_Quesney,N/A,0.0
http://example.org/annuel_moyen_de_prcipitations,N/A,0.0
http://example.org/Du_fait_de_sa_position_de_confluence_avec_de_nombreuses,N/A,0.0
http://example.org/ordre_de_Richelieu,N/A,0.0
http://example.org/municipales_de_Lyon_Ressources,N/A,0.0
http://example.org/aussi_dun_muse,N/A,0.0
http://example.org/tente_de_diversifier,N/A,0.0
http://example.org/de_son,N/A,0.0
http://example.org/une_bibliothque_dtude,N/A,0.0
http://example.org/nom_de_perces,N/A,0.0
http://example.org/Philharmonique_de_Nice,N/A,0.0
http://example.org/GrandPlace,N/A,0.0
http://example.org/voisine_de_Mauguio,N/A,0.0
http://example.org/caribenne_de_Toulouse,N/A,0.0
http://example.org/de_la_gastronomie_toulousaine,N/A,0.0
http://example.org/Gare,http://www.wikidata.org/entity/Q1493264,0.99
http://example.org/relatifs__lart_des_constructions_et,N/A,0.0
http://example.org/LouisleGrand,N/A,0.0
http://example.org/Editions_Youstory,N/A,0.0
http://example.org/ont_permis_ainsi_,N/A,0.0
http://example.org/Saint_Landry,N/A,0.0
http://example.org/Prsidentielle_2022104,N/A,0.0
http://example.org/Federica_Montseny,N/A,0.0
http://example.org/Ememem,http://www.wikidata.org/entity/Q56312962,0.99
http://example.org/de_Brueys,N/A,0.0
http://example.org/par_sa_superficie,N/A,0.0
http://example.org/Armes_de_Lille_daprs,N/A,0.0
http://example.org/La_Marcaissonne,N/A,0.0
http://example.org/ditions_Oskar,N/A,0.0
http://example.org/qui_dversait,N/A,0.0
http://example.org/SudAviation__Bouguenais,N/A,0.0
http://example.org/le_codeLes,N/A,0.0
http://example.org/chlevinatierfr,N/A,0.0
http://example.org/par_sa,N/A,0.0
http://example.org/Damien_Grimont,N/A,0.0
http://example.org/qui_leur_sont,N/A,0.0
http://example.org/T_SaintJulien,N/A,0.0
http://example.org/importe_de_Belgique,N/A,0.0
http://example.org/Palais_de_justice,N/A,0.0
http://example.org/Vauban_Humanis,N/A,0.0
http://example.org/rue_Robert,N/A,0.0
http://example.org/Diagonal,http://www.wikidata.org/entity/Q403812,0.99
http://example.org/de_Montmartre_et_de_BellevilleMnilmontant,N/A,0.0
http://example.org/Trois_Grces_de_la_place_de_la_Comdie,N/A,0.0
http://example.org/nordest_de_lactuel_VieuxPort,N/A,0.0
http://example.org/LOfficiel,N/A,0.0
http://example.org/Da_Vinci,N/A,0.0
http://example.org/Langues,N/A,0.0
http://example.org/de_Il_Diritto_di_Nizza,N/A,0.0
http://example.org/Art_mauresque285,N/A,0.0
http://example.org/de_SaintSbastien,N/A,0.0
http://example.org/Roanne,http://www.wikidata.org/entity/Q3581,0.99
http://example.org/Groupe_TF1,N/A,0.0
http://example.org/lancien_canton_de_Montpellier4,N/A,0.0
http://example.org/CommuneAffranchie,N/A,0.0
http://example.org/celui_de_verbe_pestelar,N/A,0.0
http://example.org/SaintAntoinedeGinestire,N/A,0.0
http://example.org/Clos_Ren,N/A,0.0
http://example.org/SaintMartial,N/A,0.0
http://example.org/ESCP_Europe,N/A,0.0
http://example.org/Franciliens,N/A,0.0
http://example.org/de_la_Charit,N/A,0.0
http://example.org/constitue_de_lautoroute_A811,N/A,0.0
http://example.org/702_,N/A,0.0
http://example.org/Lconomie_marseillaise,N/A,0.0
http://example.org/puis_celle_des_hivernants,N/A,0.0
http://example.org/Bologne,http://www.wikidata.org/entity/Q665760,0.99
http://example.org/codeDu_fait_de_son,N/A,0.0
http://example.org/La_Seconde,N/A,0.0
http://example.org/national_de_18061809,N/A,0.0
http://example.org/de_LEstaque,N/A,0.0
http://example.org/Maisonneuve__Larose,N/A,0.0
http://example.org/Grenoble,http://www.wikidata.org/entity/Q1289,0.99
http://example.org/de_3_km,N/A,0.0
http://example.org/Uc_de_Baux,N/A,0.0
http://example.org/du_quotidien_des_Parisiens,N/A,0.0
http://example.org/lieux_de_vie_nocturne,N/A,0.0
http://example.org/SaintVincentdePaul,N/A,0.0
http://example.org/Bordeaux_et_Toulouse,N/A,0.0
http://example.org/Jacques_Ier,N/A,0.0
http://example.org/aussi_en,N/A,0.0
http://example.org/la_caserne_de_CompansCaffarelli,N/A,0.0
http://example.org/ville_dvaste,N/A,0.0
http://example.org/la_classe,N/A,0.0
http://example.org/Bernard_Bouloumi,N/A,0.0
http://example.org/luttien_de_,N/A,0.0
http://example.org/Robert_Doisneau,N/A,0.0
http://example.org/quAllauch,N/A,0.0
http://example.org/championne_de_France,N/A,0.0
http://example.org/ex7L_TV,N/A,0.0
http://example.org/fond_de_lEsplanade,N/A,0.0
http://example.org/de_Braqueville,N/A,0.0
http://example.org/de_la_Ligue_des_Champions,N/A,0.0
http://example.org/Le_Croisic,N/A,0.0
http://example.org/MNM,http://www.wikidata.org/entity/Q396993,0.99
http://example.org/Lyon__Milan,N/A,0.0
http://example.org/Nantes_Universit_20202021,N/A,0.0
http://example.org/Claudine_Vincenot,N/A,0.0
http://example.org/Franois_de_Lapeyronie,N/A,0.0
http://example.org/Aigles_de_Nice,N/A,0.0
http://example.org/Renaissance_quelles,N/A,0.0
http://example.org/Balivernes,N/A,0.0
http://example.org/Lille__Lens,N/A,0.0
http://example.org/AlsaceLorraine,N/A,0.0
http://example.org/Champslyses,N/A,0.0
http://example.org/jug_ltat_de_la,N/A,0.0
http://example.org/de_primitifs_mridionaux,N/A,0.0
http://example.org/masculin_de_,N/A,0.0
http://example.org/blason_de_la_ville_de_Toulouse,N/A,0.0
http://example.org/Weppes,http://www.wikidata.org/entity/Q1977743,0.99
http://example.org/merveille_les_poissons288,N/A,0.0
http://example.org/Agde,http://www.wikidata.org/entity/Q191396,0.99
http://example.org/une_mtropole_de_170_000_actifs,N/A,0.0
http://example.org/Filochard,N/A,0.0
http://example.org/AIS,http://www.wikidata.org/entity/Q231888,0.99
http://example.org/du_Lutcien,N/A,0.0
http://example.org/Castries_Mistral,N/A,0.0
http://example.org/magret_de_canard,N/A,0.0
http://example.org/lAvenue_de_la_Libert,N/A,0.0
http://example.org/un_centre_denseignement_majeur,N/A,0.0
http://example.org/Voisinages,N/A,0.0
http://example.org/CriminalitLe,N/A,0.0
http://example.org/prolongement_de_limpasse_des_OiseauxBleus,N/A,0.0
http://example.org/La_Vignette,N/A,0.0
http://example.org/Lyon__Montral,N/A,0.0
http://example.org/survivante_des_camps_de_la_mort,N/A,0.0
http://example.org/de_la_bataille_de_Toulouse,N/A,0.0
http://example.org/du_rglemente_lemploi_du,N/A,0.0
http://example.org/prs_de_Toulouse,N/A,0.0
http://example.org/La_maison_de_Radio_France,N/A,0.0
http://example.org/qui_abrite_aujourdhui_le,N/A,0.0
http://example.org/ainsi_de_plus_de_21_500,N/A,0.0
http://example.org/facult_de_mMdecine,N/A,0.0
http://example.org/ruisseau_de_la_Pissotte,N/A,0.0
http://example.org/mme_si_elle,N/A,0.0
http://example.org/Montsouris,http://www.wikidata.org/entity/Q31190648,0.99
http://example.org/nouveau_rseau_de_transport,N/A,0.0
http://example.org/L_Feugier,N/A,0.0
http://example.org/de_CaluireetCuire_et_de_RillieuxlaPape,N/A,0.0
http://example.org/Naples,http://www.wikidata.org/entity/Q2634,0.99
http://example.org/larchitecte_JeanPierre_Buffi,N/A,0.0
http://example.org/sur_memorialnantesfr_,N/A,0.0
http://example.org/Global_Market_Insite,N/A,0.0
http://example.org/Parc_Athna,N/A,0.0
http://example.org/Franois_Coty,N/A,0.0
http://example.org/le_code__PtrGrenouilleau_2008,N/A,0.0
http://example.org/SismicitSi_la_rgion_ProvenceAlpesCte,N/A,0.0
http://example.org/LascarisVintimille,N/A,0.0
http://example.org/Dlais,N/A,0.0
http://example.org/Lyon_Web,N/A,0.0
http://example.org/Nantes_Les,N/A,0.0
http://example.org/Une_loi_de_1287,N/A,0.0
http://example.org/mythique_de_Toulouse,N/A,0.0
http://example.org/Franois_Rude,N/A,0.0
http://example.org/Michel_Troisgros,N/A,0.0
http://example.org/Prs_de_la_moiti,N/A,0.0
http://example.org/Baromtre,N/A,0.0
http://example.org/France_Jamet,N/A,0.0
http://example.org/Jean_Albisson,N/A,0.0
http://example.org/de_19_tonnes,N/A,0.0
http://example.org/suivi,N/A,0.0
http://example.org/celui_du_dpartement,N/A,0.0
http://example.org/Ministre_de_la,N/A,0.0
http://example.org/SaintPhilippeNri,N/A,0.0
http://example.org/Paul_Valry,N/A,0.0
http://example.org/Zala_TV,N/A,0.0
http://example.org/programme_de_nombreux,N/A,0.0
http://example.org/Colette_Namssene,N/A,0.0
http://example.org/Pigeon,http://www.wikidata.org/entity/Q404767,0.99
http://example.org/Heliane_Bernard__Christian_Faure,N/A,0.0
http://example.org/Dabord,N/A,0.0
http://example.org/mme_ligne_de_lancienne,N/A,0.0
http://example.org/quartier_de_La_Mouche,N/A,0.0
http://example.org/titre_des_Chemins_de_SaintJacquesdeCompostelle,N/A,0.0
http://example.org/Jeanne_Balibar,N/A,0.0
http://example.org/Consult_le_17012008_,N/A,0.0
http://example.org/Prix_du_Livre_Inter,N/A,0.0
http://example.org/du_Sud_et_de_lEst,N/A,0.0
http://example.org/priode_de_lentredeuxguerres,N/A,0.0
http://example.org/la_bouillabaisse,N/A,0.0
http://example.org/sa_chapelle__Esquermes,N/A,0.0
http://example.org/LInstitut_Paris_Rgion,N/A,0.0
http://example.org/ce_qui_reprsente,N/A,0.0
http://example.org/Ciutat_Mondina,N/A,0.0
http://example.org/Centre_de_supervision_urbaine_des_camras_de_vidosurveillance,N/A,0.0
http://example.org/jardin_public_de_Paris,N/A,0.0
http://example.org/Le_Journal_de_Lyon_Deux,N/A,0.0
http://example.org/nat_ainsi,N/A,0.0
http://example.org/Le_Petit_Niois,N/A,0.0
http://example.org/France__Tome,N/A,0.0
http://example.org/de_La_Margelle,N/A,0.0
http://example.org/deux_cinmas_Lumire,N/A,0.0
http://example.org/tre_soutenues,N/A,0.0
http://example.org/du_jardin_des_plantes,N/A,0.0
http://example.org/bnficie_de_lalliance_des,N/A,0.0
http://example.org/lISF,N/A,0.0
http://example.org/mme_temps_que,N/A,0.0
http://example.org/militaire_de_larme,N/A,0.0
http://example.org/de_Pierre_Valdo_qui,N/A,0.0
http://example.org/de_ltat,N/A,0.0
http://example.org/sinstalle__Lugdunum,N/A,0.0
http://example.org/europenne__European_Commission,N/A,0.0
http://example.org/Il_ne,N/A,0.0
http://example.org/Nombreux,N/A,0.0
http://example.org/consult_le___David_Capelle,N/A,0.0
http://example.org/cadre_de_laffaire_Sulzer176,N/A,0.0
http://example.org/Montpellier_Est,N/A,0.0
http://example.org/Occitanie,http://www.wikidata.org/entity/Q131424994,0.99
http://example.org/Nice_et_Marseille__La,N/A,0.0
http://example.org/la_Loire,N/A,0.0
http://example.org/le_codeLe_dveloppement_de_la,N/A,0.0
http://example.org/priode_suivante,N/A,0.0
http://example.org/Boulanger,http://www.wikidata.org/entity/Q509610,0.99
http://example.org/lEncyclopdie_de_Diderot_et_dAlembert,N/A,0.0
http://example.org/Jricho,N/A,0.0
http://example.org/LEmbarquement_du_corps,N/A,0.0
http://example.org/Lurbanisation_de_la,N/A,0.0
http://example.org/hrit_de_la_priode,N/A,0.0
http://example.org/Olympique_de_Marseille_Vitrolles,N/A,0.0
http://example.org/PLH_de_Nantes_Mtropole,N/A,0.0
http://example.org/TPBM,N/A,0.0
http://example.org/un_htel_de_grand_luxe,N/A,0.0
http://example.org/la_bataille_de_MonsenPvle,N/A,0.0
http://example.org/larrive_du,N/A,0.0
http://example.org/de_la_poche_de_Lille,N/A,0.0
http://example.org/MANCA,N/A,0.0
http://example.org/zouk,http://www.wikidata.org/entity/Q227045,0.99
http://example.org/par_lentremise_de_socits,N/A,0.0
http://example.org/de_SaintMartory,N/A,0.0
http://example.org/ville_principale_de_lune,N/A,0.0
http://example.org/Lyon,http://www.wikidata.org/entity/Q456,0.99
http://example.org/avec_quatre,N/A,0.0
http://example.org/Corneille_de_Lyon,N/A,0.0
http://example.org/PasdeCalais_et_de_la_mtropole_sont,N/A,0.0
http://example.org/Carcassonne_et_Toulouse,N/A,0.0
http://example.org/nordouest_de_Lille,N/A,0.0
http://example.org/Bibliothques,N/A,0.0
http://example.org/celle_de_Palaprat,N/A,0.0
http://example.org/la_Seine,N/A,0.0
http://example.org/PierredeFermat,N/A,0.0
http://example.org/la_porte_de_Gerland,N/A,0.0
http://example.org/La_mosque,N/A,0.0
http://example.org/Jeanne_Susplugas,N/A,0.0
http://example.org/le_code__Accs_au_lien_de_larticle_Wikipdia_de_la_commune,N/A,0.0
http://example.org/Rangueil__Sauzelong__JulesJulien__PechDavid__Pouvourville__Quartier,N/A,0.0
http://example.org/mangerais_de_Sophie_Laloy,N/A,0.0
http://example.org/de_la_Grognarde,N/A,0.0
http://example.org/la_colline_de_Chaillot,N/A,0.0
http://example.org/ancienne_chapelle_des_Pnitents,N/A,0.0
http://example.org/Plein_Air_,N/A,0.0
http://example.org/la_mridienne_de_la_place_de_la_Bourse,N/A,0.0
http://example.org/titre_Liber,N/A,0.0
http://example.org/BoulogneBillancourt,N/A,0.0
http://example.org/SudOuest,N/A,0.0
http://example.org/elle_compte,N/A,0.0
http://example.org/Correspondance_de_Napolon_Ier,N/A,0.0
http://example.org/Diffuz,N/A,0.0
http://example.org/lancien_palais_de_justice,N/A,0.0
http://example.org/seuil_lgal_de,N/A,0.0
http://example.org/milie_Brigand,N/A,0.0
http://example.org/Caf_Riche,N/A,0.0
http://example.org/Chronologie_de_la_relation_franco,N/A,0.0
http://example.org/avec_des_pluies,N/A,0.0
http://example.org/Monnaie_de_Nantes,N/A,0.0
http://example.org/Aline_Henry,N/A,0.0
http://example.org/Abraracourcix,http://www.wikidata.org/entity/Q21445543,0.99
http://example.org/Le_taux_de_chmage_de_Paris,N/A,0.0
http://example.org/sud_de_Bordeaux,N/A,0.0
http://example.org/Nouvelle_Histoire_de_Toulouse,N/A,0.0
http://example.org/durbanisme_qui,N/A,0.0
http://example.org/Retrouvez,N/A,0.0
http://example.org/de_Roanne,N/A,0.0
http://example.org/mme_la_demifinale_de_la_Coupe_dEurope,N/A,0.0
http://example.org/Fayard,http://www.wikidata.org/entity/Q2777746,0.99
http://example.org/Le_mtro_de_Paris,N/A,0.0
http://example.org/SaintCyrauMontdOr,N/A,0.0
http://example.org/lcole_dingnieurs_de_Purpan,N/A,0.0
http://example.org/totale_de_2398_km,N/A,0.0
http://example.org/Magyd_Cherfi,N/A,0.0
http://example.org/LilleRoubaixTourcoing_Privat,N/A,0.0
http://example.org/Rapport_dobservations,N/A,0.0
http://example.org/Josip_Skoblar,N/A,0.0
http://example.org/gs_de_moins_de_30,N/A,0.0
http://example.org/Passy,http://www.wikidata.org/entity/Q226790,0.99
http://example.org/locaux_participent__ces_vnements_culturels_de_qualit,N/A,0.0
http://example.org/muse_des_Moulages,N/A,0.0
http://example.org/carnaval_de_Nice,N/A,0.0
http://example.org/Benot_Gilles,N/A,0.0
http://example.org/AndrBenech,N/A,0.0
http://example.org/avec_limprimerie,N/A,0.0
http://example.org/lInstitut_PaoliCalmettes,N/A,0.0
http://example.org/Time,http://www.wikidata.org/entity/Q43297,0.99
http://example.org/De_Catherine_Sgurane,N/A,0.0
http://example.org/Municipales_2020,N/A,0.0
http://example.org/ville_armnienne,N/A,0.0
http://example.org/lger_mieux,N/A,0.0
http://example.org/Par_sa,N/A,0.0
http://example.org/La_Basilique,N/A,0.0
http://example.org/de_PierrePaul_Riquet,N/A,0.0
http://example.org/donne_lieu,N/A,0.0
http://example.org/la_mairie_de_Marseille,N/A,0.0
http://example.org/Les_Piedsnoirs,N/A,0.0
http://example.org/voix_de_sa_liste,N/A,0.0
http://example.org/du_Var,N/A,0.0
http://example.org/Tramway,http://www.wikidata.org/entity/Q1247602,0.99
http://example.org/Niki_de_Saint_Phalle,N/A,0.0
http://example.org/de_PierreFranois_Unger,N/A,0.0
http://example.org/montre_avec_une,N/A,0.0
http://example.org/CroixRousse,N/A,0.0
http://example.org/un_Tribunal_de_commerce_et,N/A,0.0
http://example.org/Le_Nouvel_Observateur__Chmage,N/A,0.0
http://example.org/laroport_de_ToulouseBlagnac,N/A,0.0
http://example.org/actuel_maire_de_Nantes,N/A,0.0
http://example.org/celui_de_lan_IX,N/A,0.0
http://example.org/le_cas_de_lindustrie,N/A,0.0
http://example.org/accessibles_en_deux,N/A,0.0
http://example.org/de_lenceinte_jusqu_la_Citadelle71,N/A,0.0
http://example.org/quartier_de_la_Dfense,N/A,0.0
http://example.org/Newsweek,http://www.wikidata.org/entity/Q188413,0.99
http://example.org/lhistorien_Alain_Roullier,N/A,0.0
http://example.org/de_la_guerre,N/A,0.0
http://example.org/connat_une_forte_hausse_de_la,N/A,0.0
http://example.org/GeorgesLabit,N/A,0.0
http://example.org/de_1871,N/A,0.0
http://example.org/europenne_de_gographie__European_Journal_of_Geography,N/A,0.0
http://example.org/Cassis,http://www.wikidata.org/entity/Q243002,0.99
http://example.org/Jean,http://www.wikidata.org/entity/Q506861,0.99
http://example.org/la_construction_de_cinq_villes_nouvelles,N/A,0.0
http://example.org/LOrchestre,N/A,0.0
http://example.org/mort,N/A,0.0
http://example.org/LREM,N/A,0.0
http://example.org/La_soixantaine_de_reprsentations_se,N/A,0.0
http://example.org/Jezequel,N/A,0.0
http://example.org/atteindre_le_niveau_2_de_la_charte338,N/A,0.0
http://example.org/La_chanson_de,N/A,0.0
http://example.org/Trois_dentre,N/A,0.0
http://example.org/Marie_de_Bourgogne,N/A,0.0
http://example.org/de_La_Madeleine,N/A,0.0
http://example.org/Keolis_Lyon,N/A,0.0
http://example.org/MarseilleProvence,N/A,0.0
http://example.org/AugustinJulesEsprit_Fabre,N/A,0.0
http://example.org/Demain,http://www.wikidata.org/entity/Q16628363,0.99
http://example.org/la_cit_phocenne,N/A,0.0
http://example.org/SaintJaumes,N/A,0.0
http://example.org/LArchet_Cimiez,N/A,0.0
http://example.org/Natura_2000,N/A,0.0
http://example.org/Lugdun,N/A,0.0
http://example.org/Colette_Marchadier,N/A,0.0
http://example.org/Mais_la_craie,N/A,0.0
http://example.org/qui_sarticule,N/A,0.0
http://example.org/SaintLonard,N/A,0.0
http://example.org/locaux_avec_de_la,N/A,0.0
http://example.org/Lille__Section_LOG_T1,N/A,0.0
http://example.org/Dclin_dmographique_de_Paris,N/A,0.0
http://example.org/parc_qui_abrite_le,N/A,0.0
http://example.org/Dames_de_France,N/A,0.0
http://example.org/par_le_chteau_des_ducs_de_Bretagne,N/A,0.0
http://example.org/Pierre_Louis_Godet_de_Chtillon,N/A,0.0
http://example.org/actuel_de_Caderousse,N/A,0.0
http://example.org/essai_dun,N/A,0.0
http://example.org/autour_de_la_gare,N/A,0.0
http://example.org/A55,http://www.wikidata.org/entity/Q280274,0.99
http://example.org/la_largeur_des_rues,N/A,0.0
http://example.org/par_de_nombreuses,N/A,0.0
http://example.org/Le_Joliette,N/A,0.0
http://example.org/La_Cachette,N/A,0.0
http://example.org/BeauxArts__Montpellier,N/A,0.0
http://example.org/Guy_Fourquin,N/A,0.0
http://example.org/avec_leur,N/A,0.0
http://example.org/KP,http://www.wikidata.org/entity/Q223993,0.99
http://example.org/Viva,http://www.wikidata.org/entity/Q17972,0.99
http://example.org/Gambetta,http://www.wikidata.org/entity/Q400539,0.99
http://example.org/Odile_Weulersse,N/A,0.0
http://example.org/La_Chambre,N/A,0.0
http://example.org/aussi_quatre_htels,N/A,0.0
http://example.org/Pour_llection_prsidentielle_de_2017,N/A,0.0
http://example.org/Arthur_Rimbaud,N/A,0.0
http://example.org/cur_de_Mai_68,N/A,0.0
http://example.org/La_Ville,N/A,0.0
http://example.org/Jacques_Rda,N/A,0.0
http://example.org/Orgueilleux,N/A,0.0
http://example.org/Indonsie,N/A,0.0
http://example.org/la_commune,N/A,0.0
http://example.org/Garibaldi,http://www.wikidata.org/entity/Q232565,0.99
http://example.org/de_Lattes_et,N/A,0.0
http://example.org/puis_des_armateurs,N/A,0.0
http://example.org/de_traverser,N/A,0.0
http://example.org/Anas_Tournier,N/A,0.0
http://example.org/de_mosques255,N/A,0.0
http://example.org/aussi_la_fondation_de_labbaye_SaintVictor_de_Marseille,N/A,0.0
http://example.org/Laurent_Terzieff,N/A,0.0
http://example.org/Estuaire,http://www.wikidata.org/entity/Q3059064,0.99
http://example.org/Inde,http://www.wikidata.org/entity/Q153317,0.99
http://example.org/Vicariat_de_tradition_russe_auprs_de_la_Mtropole_grecque_de_France230_Protestant_Le,N/A,0.0
http://example.org/la_dette_avait_t,N/A,0.0
http://example.org/locaux_sont,N/A,0.0
http://example.org/Front_national_sont_placs,N/A,0.0
http://example.org/lhtel_de_ville169,N/A,0.0
http://example.org/par_ldit_de_Fontainebleau_de_1685,N/A,0.0
http://example.org/Corse__Pluies,N/A,0.0
http://example.org/Pologne,http://www.wikidata.org/entity/Q105679338,0.99
http://example.org/Angers_et_Nantes,N/A,0.0
http://example.org/La_ville_dveloppe,N/A,0.0
http://example.org/Bouguenais,http://www.wikidata.org/entity/Q291197,0.99
http://example.org/celle_de_Paris,N/A,0.0
http://example.org/quatre_faubourgs_de_Lyon,N/A,0.0
http://example.org/Infoclimat,http://www.wikidata.org/entity/Q112999428,0.99
http://example.org/Nord__partir_de_1873,N/A,0.0
http://example.org/Les_RougonMacquart,N/A,0.0
http://example.org/dart_et_essai,N/A,0.0
http://example.org/jusquaux,N/A,0.0
http://example.org/le_sud_de_la_ville,N/A,0.0
http://example.org/Dudok,http://www.wikidata.org/entity/Q910735,0.99
http://example.org/exRN568,N/A,0.0
http://example.org/Jean_Lombard,N/A,0.0
http://example.org/AiguesMortes,N/A,0.0
http://example.org/GioBattista_Borra,N/A,0.0
http://example.org/tramway_de_Montpellier,N/A,0.0
http://example.org/de_juin,N/A,0.0
http://example.org/avec_laide_de_la_mairie,N/A,0.0
http://example.org/Ikea,http://www.wikidata.org/entity/Q5302245,0.99
http://example.org/bnficie_mme_de_la_cration,N/A,0.0
http://example.org/Patrick_Michel,N/A,0.0
http://example.org/SainteEulalie,N/A,0.0
http://example.org/celle_des_BouchesduRhne_et_de_la_France,N/A,0.0
http://example.org/Franois_Dodat,N/A,0.0
http://example.org/Varsovie_et_Minsk63,N/A,0.0
http://example.org/Lidentit_de_la_France,N/A,0.0
http://example.org/de_Constantinople,N/A,0.0
http://example.org/Nicolas,http://www.wikidata.org/entity/Q2501953,0.99
http://example.org/B_Cabanis,N/A,0.0
http://example.org/de_labbaye_de_SaintSauveur,N/A,0.0
http://example.org/pos_sur,N/A,0.0
http://example.org/de_lexploitation_de_cette,N/A,0.0
http://example.org/danatomie_qui,N/A,0.0
http://example.org/dme_de_la_chapelle_recouvert_de_cuivre,N/A,0.0
http://example.org/avec_lglise_des_Accoules,N/A,0.0
http://example.org/radio_tudiante_de_Nantes,N/A,0.0
http://example.org/La_Rochelle,N/A,0.0
http://example.org/La_ville_compte_plus_de_200_tablissements_denseignement,N/A,0.0
http://example.org/ville_de_province,N/A,0.0
http://example.org/Christophe_Bchu,N/A,0.0
http://example.org/Attila,http://www.wikidata.org/entity/Q36724,0.99
http://example.org/de_866,N/A,0.0
http://example.org/La_posie,N/A,0.0
http://example.org/Le_Stade_de_France,N/A,0.0
http://example.org/Centre_national_de_recherches,N/A,0.0
http://example.org/La_Mosson,N/A,0.0
http://example.org/RenGosse,N/A,0.0
http://example.org/un_arsenal,N/A,0.0
http://example.org/de_chimie,N/A,0.0
http://example.org/dputs_toulousains,N/A,0.0
http://example.org/matriau_de_construction_de_base,N/A,0.0
http://example.org/Menica_Rondelly,N/A,0.0
http://example.org/Benghazi,http://www.wikidata.org/entity/Q40816,0.99
http://example.org/sont_fait_une_rputation,N/A,0.0
http://example.org/Qualit_de_lair,N/A,0.0
http://example.org/Paris_de_son,N/A,0.0
http://example.org/Ypres_et_Menin,N/A,0.0
http://example.org/doivent_lessentiel_de_leur_physionomie_actuelle,N/A,0.0
http://example.org/sud_de_la_Loire,N/A,0.0
http://example.org/Paris_Plages,N/A,0.0
http://example.org/cours_de_la,N/A,0.0
http://example.org/de_Chteauneuf,N/A,0.0
http://example.org/JC,http://www.wikidata.org/entity/Q248344,0.99
http://example.org/Pierre_Lamard,N/A,0.0
http://example.org/curieux_de_styles,N/A,0.0
http://example.org/Jean_de_La_Hire,N/A,0.0
http://example.org/EPE,http://www.wikidata.org/entity/Q5834296,0.99
http://example.org/La_Chambre_de_commerce,N/A,0.0
http://example.org/dici,N/A,0.0
http://example.org/de_louest_de_lagglomration,N/A,0.0
http://example.org/Hockey,http://www.wikidata.org/entity/Q344069,0.99
http://example.org/Villa_Thiole,N/A,0.0
http://example.org/cest_lactuel,N/A,0.0
http://example.org/Citadelle,http://www.wikidata.org/entity/Q2974373,0.99
http://example.org/Beghin_Say,N/A,0.0
http://example.org/Le_Parfum,N/A,0.0
http://example.org/Nicollin_Ptanque,N/A,0.0
http://example.org/Nantua,N/A,0.0
http://example.org/ducatifs_de_la,N/A,0.0
http://example.org/Thtre_Beaulieu,N/A,0.0
http://example.org/Drapeau_de_la_ville_de_NantesLogotype,N/A,0.0
http://example.org/Lyon_se_dveloppe,N/A,0.0
http://example.org/de_Conduite_de_Travaux,N/A,0.0
http://example.org/La_Sucrire,N/A,0.0
http://example.org/Astoria,http://www.wikidata.org/entity/Q121765,0.99
http://example.org/par_la,N/A,0.0
http://example.org/Lutetia_Lutce,N/A,0.0
http://example.org/blason_de_France,N/A,0.0
http://example.org/Henri_Trziny,N/A,0.0
http://example.org/Atger,N/A,0.0
http://example.org/du_royaume_de_Majorque,N/A,0.0
http://example.org/de_Marseille__AixenProvence,N/A,0.0
http://example.org/Joseph_Pradelle,N/A,0.0
http://example.org/la_synagogue_de_Nantes,N/A,0.0
http://example.org/Alexandre_Dumas,N/A,0.0
http://example.org/de_lpisode_caniculaire_de_2003,N/A,0.0
http://example.org/nord_de_la_LoireU_2,N/A,0.0
http://example.org/Didier_Guyvarch,N/A,0.0
http://example.org/Le_RaincyMontfermeil,N/A,0.0
http://example.org/Flammarion,http://www.wikidata.org/entity/Q356576,0.99
http://example.org/autres_socits_de_concert263,N/A,0.0
http://example.org/il_comporte,N/A,0.0
http://example.org/Du,http://www.wikidata.org/entity/Q709747,0.99
http://example.org/Candidatures,N/A,0.0
http://example.org/rue_de_lHerberie,N/A,0.0
http://example.org/RI,http://www.wikidata.org/entity/Q1109390,0.99
http://example.org/Philippe_II_de_Bourgogne,N/A,0.0
http://example.org/dbut_par_des_conservateurs,N/A,0.0
http://example.org/SaintFranois_dAssise,N/A,0.0
http://example.org/Albert_Samain,N/A,0.0
http://example.org/de_Monte_Carlo,N/A,0.0
http://example.org/de_Nantes_Mtropole,N/A,0.0
http://example.org/Nicolas_Bedos,N/A,0.0
http://example.org/Luniversit_compte_soixantedeux_units_de_recherche,N/A,0.0
http://example.org/lieu_de_rsidence_de_Fabrice_Luchini,N/A,0.0
http://example.org/Jean_Moulin_dans,N/A,0.0
http://example.org/retenue134,N/A,0.0
http://example.org/Josh_Holloway,N/A,0.0
http://example.org/cesse_de_crotre,N/A,0.0
http://example.org/Toulouse_Mtropole_Basket,N/A,0.0
http://example.org/vhicules55,N/A,0.0
http://example.org/issu_dun,N/A,0.0
http://example.org/BTS_Commerce_International,N/A,0.0
http://example.org/sur_catalogue_de_linistcnrs,N/A,0.0
http://example.org/est_aujourdhui_de_rayonnement_international_et_attire_chaque,N/A,0.0
http://example.org/limpt_de,N/A,0.0
http://example.org/La_Dfense,N/A,0.0
http://example.org/rue_de_lHpitalMilitaire227,N/A,0.0
http://example.org/la_cration_du_canton_de_Montpellier1094,N/A,0.0
http://example.org/suivi_de_Bruno_Retailleau,N/A,0.0
http://example.org/Breuil,http://www.wikidata.org/entity/Q230139,0.99
http://example.org/Daniel_Griffiths,N/A,0.0
http://example.org/de_la_Fte_des_Lumires,N/A,0.0
http://example.org/fleur_de_sel_de_Camargue,N/A,0.0
http://example.org/Castellane,http://www.wikidata.org/entity/Q207083,0.99
http://example.org/la_langue_de_tous,N/A,0.0
http://example.org/lieu_de_tournage_de_nombreux,N/A,0.0
http://example.org/Indiana,http://www.wikidata.org/entity/Q1415,0.99
http://example.org/est_de_mme_pour_lan_VII,N/A,0.0
http://example.org/coteaux_pentus_de_VieilleToulouse,N/A,0.0
http://example.org/SaintLouisdesInvalides,N/A,0.0
http://example.org/cadre_de_la_cration_des_quais,N/A,0.0
http://example.org/onze_autres,N/A,0.0
http://example.org/la_nuit8687,N/A,0.0
http://example.org/Jardin_lectronique,N/A,0.0
http://example.org/fondateur_de_lordre_des_Hospitaliers_du_SaintEsprit,N/A,0.0
http://example.org/De_nombreux_instigateurs_daction,N/A,0.0
http://example.org/de_Nice_la_ville,N/A,0.0
http://example.org/RenaultNissan,N/A,0.0
http://example.org/Beaucoup_de_Suisses245,N/A,0.0
http://example.org/deuros_de_retombes_conomiques_en,N/A,0.0
http://example.org/fte_de_La_Vicomtesse_de_Bonnemains,N/A,0.0
http://example.org/Le_Conseil,N/A,0.0
http://example.org/Quand_Vinci,N/A,0.0
http://example.org/dbuts_de_lindustrie,N/A,0.0
http://example.org/lunit_urbaine_de_NantesNote_3,N/A,0.0
http://example.org/de_lducation,N/A,0.0
http://example.org/Nicaea_Films__SaintLaurentduVar,N/A,0.0
http://example.org/Vieille_Major,N/A,0.0
http://example.org/LHistoire_de_France,N/A,0.0
http://example.org/dclin_des_industries,N/A,0.0
http://example.org/AnnedeBretagne,N/A,0.0
http://example.org/AlbertIer,N/A,0.0
http://example.org/Louis_Sigaud,N/A,0.0
http://example.org/le_prfet_de_police,N/A,0.0
http://example.org/PRG,http://www.wikidata.org/entity/Q407925,0.99
http://example.org/secteur_de_limmobilier_de_luxe,N/A,0.0
http://example.org/Le_taux_de_variation_de_la,N/A,0.0
http://example.org/na_jamais_t,N/A,0.0
http://example.org/Fantmas,N/A,0.0
http://example.org/dIvry_et,N/A,0.0
http://example.org/LouisPhilippe_Ier,N/A,0.0
http://example.org/qui_se_droule_en,N/A,0.0
http://example.org/relatif_aprs_lunion_avec_le,N/A,0.0
http://example.org/uvre_de_Tony_Garnier,N/A,0.0
http://example.org/Moyen_ge,N/A,0.0
http://example.org/la_cration_de_la_cascade,N/A,0.0
http://example.org/Teleplaisanceorg,N/A,0.0
http://example.org/avec_le_soutien_de_la,N/A,0.0
http://example.org/nom_gaulois,N/A,0.0
http://example.org/Don_Bosco,N/A,0.0
http://example.org/sant_public_de_la_ville,N/A,0.0
http://example.org/Nathalie_Oziol,N/A,0.0
http://example.org/Diverses,N/A,0.0
http://example.org/Trophe_Massalia_de_gymnastique,N/A,0.0
http://example.org/Plet,http://www.wikidata.org/entity/Q65112290,0.99
http://example.org/auteur_de_Blake,N/A,0.0
http://example.org/Archives,http://www.wikidata.org/entity/Q2305859,0.99
http://example.org/dune_sensation_de_refroidissement_olien_Windchill,N/A,0.0
http://example.org/A20__A62__N10,N/A,0.0
http://example.org/Massalia_de_ligure72,N/A,0.0
http://example.org/Saint_Clair,N/A,0.0
http://example.org/villa_du_parc_des_arnes_de_Cimiez226,N/A,0.0
http://example.org/de_Laghet_et_de_SaintAndr,N/A,0.0
http://example.org/Henri_Molet,N/A,0.0
http://example.org/Cond_Nice,N/A,0.0
http://example.org/ouest_de_Rennes,N/A,0.0
http://example.org/qui_compte_de_nombreux_enfants_de,N/A,0.0
http://example.org/Pierre_de_Gorsse,N/A,0.0
http://example.org/Renault_F1_Team,N/A,0.0
http://example.org/Lyon_et_Toulouse,N/A,0.0
http://example.org/prfr_saborder_le_journal,N/A,0.0
http://example.org/PaulBringuier,N/A,0.0
http://example.org/servant_de_point_de_repre_sur_deux_des_principaux_axes_des_nouveaux,N/A,0.0
http://example.org/barreau,N/A,0.0
http://example.org/lAssociation_Lyonnaise,N/A,0.0
http://example.org/Husson,http://www.wikidata.org/entity/Q1063564,0.99
http://example.org/Fondation_de_la_ville,N/A,0.0
http://example.org/PortMaillard,N/A,0.0
http://example.org/Jrme_Pineau,N/A,0.0
http://example.org/maria_son,N/A,0.0
http://example.org/annes_qui,N/A,0.0
http://example.org/llectricit_na,N/A,0.0
http://example.org/ISSN,http://www.wikidata.org/entity/P236,0.99
http://example.org/Massiliam,N/A,0.0
http://example.org/Bastille,http://www.wikidata.org/entity/Q689,0.99
http://example.org/puis_le_avec_12,N/A,0.0
http://example.org/de_lAgence_de_lenvironnement_et_de_la,N/A,0.0
http://example.org/GaWC,N/A,0.0
http://example.org/Le_Ravi,N/A,0.0
http://example.org/Mdiathque_SaintCyprien,N/A,0.0
http://example.org/VincentGche,N/A,0.0
http://example.org/Confrence_des_Nations,N/A,0.0
http://example.org/Actualits_BAT_Montpellier,N/A,0.0
http://example.org/de_Thomas_dAquin,N/A,0.0
http://example.org/de_la_relier_au_reste_de_la,N/A,0.0
http://example.org/actuel_de_la_ville,N/A,0.0
http://example.org/LArchevque_de_Lyon,N/A,0.0
http://example.org/Teste_Negre,N/A,0.0
http://example.org/de_moindre_ampleur,N/A,0.0
http://example.org/Turcs,http://www.wikidata.org/entity/Q42753247,0.99
http://example.org/Cimetire_de_Montmartre,N/A,0.0
http://example.org/LAffaire_Bojarski_de_JeanPaul_Salom,N/A,0.0
http://example.org/signifie,N/A,0.0
http://example.org/Pascale_DAmore,N/A,0.0
http://example.org/Pittsburgh,http://www.wikidata.org/entity/Q1342,0.99
http://example.org/quartier_de_Chantenay,N/A,0.0
http://example.org/Tellement_Nbrick_qui,N/A,0.0
http://example.org/tre_renouvel,N/A,0.0
http://example.org/le_codeEn_occitan,N/A,0.0
http://example.org/dOrsay,N/A,0.0
http://example.org/avec_le_Spacers,N/A,0.0
http://example.org/Palladia_Tolosa,N/A,0.0
http://example.org/chteau_deau_des__Hauts_de_la_Paillade,N/A,0.0
http://example.org/modr_moyen_et_fort,N/A,0.0
http://example.org/tre_remplacs_par_des_autorits,N/A,0.0
http://example.org/Pallas,http://www.wikidata.org/entity/Q219027,0.99
http://example.org/Mas_Nouguier,N/A,0.0
http://example.org/Rugby__XV,N/A,0.0
http://example.org/Toulousain,N/A,0.0
http://example.org/Chapitres_de_paix110,N/A,0.0
http://example.org/Larchidiocse_de_Lyon,N/A,0.0
http://example.org/Centre_Pompidou,N/A,0.0
http://example.org/Palais_Garnier,N/A,0.0
http://example.org/dun_bombardement231,N/A,0.0
http://example.org/de_semilibert,N/A,0.0
http://example.org/internationaux_Electronic_Arts,N/A,0.0
http://example.org/Fdration_Aquitania,N/A,0.0
http://example.org/SaintSauveur46,N/A,0.0
http://example.org/centreville,N/A,0.0
http://example.org/Tramway_de_Montpellier,N/A,0.0
http://example.org/du_Prado365366,N/A,0.0
http://example.org/Philippe_Carrese,N/A,0.0
http://example.org/Fiducial_Mdias,N/A,0.0
http://example.org/Ismal_Michalon,N/A,0.0
http://example.org/Charles_Berling,N/A,0.0
http://example.org/HpitauxFacults,N/A,0.0
http://example.org/Rijsel,N/A,0.0
http://example.org/Herbiers,N/A,0.0
http://example.org/cimentier_dorigine_italienne,N/A,0.0
http://example.org/cours_de_laquelle_Lille,N/A,0.0
http://example.org/assiger_le,N/A,0.0
http://example.org/Egypte,http://www.wikidata.org/entity/Q2141030,0.99
http://example.org/avec_prs_de_80_000,N/A,0.0
http://example.org/La_Socit,N/A,0.0
http://example.org/ShangriLa_Hotel_Paris,N/A,0.0
http://example.org/conomique,N/A,0.0
http://example.org/code_Le_Pige,N/A,0.0
http://example.org/Oncopole,http://www.wikidata.org/entity/Q65300114,0.99
http://example.org/Mais_lenrichissement_de_Nantes_va_venir_avec_le,N/A,0.0
http://example.org/Safia_Benbala,N/A,0.0
http://example.org/la_butte_des_Carmes,N/A,0.0
http://example.org/paissi,N/A,0.0
http://example.org/de_lEmpire,N/A,0.0
http://example.org/Nouveau_Sicle,N/A,0.0
http://example.org/jardin_des_gants,N/A,0.0
http://example.org/Protgeons_lAvenir_de_Toulouse,N/A,0.0
http://example.org/SaintSbastien,N/A,0.0
http://example.org/Marselha,N/A,0.0
http://example.org/avec_procession_des_confrries_de_pnitents,N/A,0.0
http://example.org/Pierre_Pascal_II,N/A,0.0
http://example.org/Garonne_de_lHtelDieu,N/A,0.0
http://example.org/A61A66N20,N/A,0.0
http://example.org/Facult_des_Arts_de_Montpellier66,N/A,0.0
http://example.org/gymnastique,N/A,0.0
http://example.org/faveur_de_laroport,N/A,0.0
http://example.org/Vauvert,http://www.wikidata.org/entity/Q268025,0.99
http://example.org/Mtropolitain,N/A,0.0
http://example.org/Continuits,N/A,0.0
http://example.org/Cens,http://www.wikidata.org/entity/Q859543,0.99
http://example.org/Henri_Geist,N/A,0.0
http://example.org/gros_la_limite,N/A,0.0
http://example.org/la_rsidence_de_la_baronne_de_Macumer,N/A,0.0
http://example.org/ISSN_02496178,N/A,0.0
http://example.org/JeanMichel_Charlier_de_Pilote,N/A,0.0
http://example.org/Lopard_Nicolos,N/A,0.0
http://example.org/de_caf,N/A,0.0
http://example.org/la_mort_dHenri_III,N/A,0.0
http://example.org/maire_de_Montpellier_de_2004,N/A,0.0
http://example.org/Prosper_Demontzey,N/A,0.0
http://example.org/fauteuil_de_maire_de_1953,N/A,0.0
http://example.org/Elena_Louazon,N/A,0.0
http://example.org/Prpas,N/A,0.0
http://example.org/Sandrot,N/A,0.0
http://example.org/Le_tribunal_de_police_de_Paris,N/A,0.0
http://example.org/Jeanne_Sadran,N/A,0.0
http://example.org/Caput_Galli,N/A,0.0
http://example.org/supprims,N/A,0.0
http://example.org/Prou,http://www.wikidata.org/entity/Q3408244,0.99
http://example.org/Adrien_Bls,N/A,0.0
http://example.org/Marine_Lefvre,N/A,0.0
http://example.org/National,http://www.wikidata.org/entity/Q411842,0.99
http://example.org/MermozNord__Lyon,N/A,0.0
http://example.org/des_Comores,N/A,0.0
http://example.org/sein_de_la_Nice_Basket_Association,N/A,0.0
http://example.org/Call_of_Duty,N/A,0.0
http://example.org/pour_lagroalimentaire246,N/A,0.0
http://example.org/lhistorien_Hrodote,N/A,0.0
http://example.org/Sylvain_Carrire,N/A,0.0
http://example.org/le_codeLa_ville_est_le,N/A,0.0
http://example.org/Dbouts,N/A,0.0
http://example.org/Chteau_des_ducs_de_Bretagne,N/A,0.0
http://example.org/JeanBaptisteAntoine_Lassus,N/A,0.0
http://example.org/le_codeLa_question_de_lappartenance_administrative_de_Nantes,N/A,0.0
http://example.org/un_tableau_dtaill,N/A,0.0
http://example.org/Vertou__Institution,N/A,0.0
http://example.org/au_sud_de_lhippodrome,N/A,0.0
http://example.org/la_mort_de_plus_de_2_000,N/A,0.0
http://example.org/ditions_Beauchesne,N/A,0.0
http://example.org/Var_et_de_lEstron_,N/A,0.0
http://example.org/Arnaud_de_Villeneuve,N/A,0.0
http://example.org/de_dterminer_des_espaces,N/A,0.0
http://example.org/de_larchitecte_ThomasJoseph_Gombert,N/A,0.0
http://example.org/lancien_groupe_de_Sud_Radio,N/A,0.0
http://example.org/de_Fourvire,N/A,0.0
http://example.org/Ici,http://www.wikidata.org/entity/Q3147712,0.99
http://example.org/la_gastronomie,N/A,0.0
http://example.org/Facult,N/A,0.0
http://example.org/de_la_mer_Mditerrane,N/A,0.0
http://example.org/Larrive_massive_de_chanes_internationales_de_magasins,N/A,0.0
http://example.org/denseignement_de_la,N/A,0.0
http://example.org/Arsne_Lupin,N/A,0.0
http://example.org/de_162_668,N/A,0.0
http://example.org/essai_moyenoriental413,N/A,0.0
http://example.org/Le_Printemps_Marseillais,N/A,0.0
http://example.org/Gilles,http://www.wikidata.org/entity/Q407914,0.99
http://example.org/de_laxe_Bordeaux__Narbonne_dviter_lagglomration_toulousaine,N/A,0.0
http://example.org/lA66,N/A,0.0
http://example.org/2208,http://www.wikidata.org/entity/Q19241946,0.99
http://example.org/StadeSalle,N/A,0.0
http://example.org/Le_thtre_antique_de_Lyon,N/A,0.0
http://example.org/tait_de_2102_,N/A,0.0
http://example.org/Grand_Place,N/A,0.0
http://example.org/Elsa_Triolet,N/A,0.0
http://example.org/Cimetire,N/A,0.0
http://example.org/Il_abrite,N/A,0.0
http://example.org/dobtenir_de_meilleures,N/A,0.0
http://example.org/Les_Rpublicains,N/A,0.0
http://example.org/suite_de_lincendie_des_Nouvelles_Galeries,N/A,0.0
http://example.org/Nissa_la_bella,N/A,0.0
http://example.org/sont_de_nationalit,N/A,0.0
http://example.org/le_codeLongtemps,N/A,0.0
http://example.org/Nance_Jura,N/A,0.0
http://example.org/Sud_de_Lyon_Festival_Les,N/A,0.0
http://example.org/RetroNews__Le,N/A,0.0
http://example.org/tissu_industriel_de_la_ville,N/A,0.0
http://example.org/Toulouse_et_de_nombreuses,N/A,0.0
http://example.org/le_codeLe_Toulouse_Football_Club,N/A,0.0
http://example.org/de_lensemble_de_la_place_de_la_Comdie,N/A,0.0
http://example.org/RN__RD,N/A,0.0
http://example.org/Bucquet,http://www.wikidata.org/entity/Q15790164,0.99
http://example.org/mme_chiffre_de,N/A,0.0
http://example.org/pouvoir_de_police,N/A,0.0
http://example.org/La_ChapellesurErdre,N/A,0.0
http://example.org/GastonGiraud,N/A,0.0
http://example.org/de_la_Coupe_de_lUEFA,N/A,0.0
http://example.org/un_des_grands_ports_franais,N/A,0.0
http://example.org/Gabriel_de_La_Valle,N/A,0.0
http://example.org/Le_Pointfr,N/A,0.0
http://example.org/sa,http://www.wikidata.org/entity/Q1228339,0.99
http://example.org/larchitecte_de_lhtel_Carlton,N/A,0.0
http://example.org/nouveau_procd_de_transformation_de_la,N/A,0.0
http://example.org/Dionysos,http://www.wikidata.org/entity/Q360262,0.99
http://example.org/Monum,N/A,0.0
http://example.org/Leur,http://www.wikidata.org/entity/Q730591,0.99
http://example.org/Gaston_Crmieux,N/A,0.0
http://example.org/de_BouvignyBoyeffles,N/A,0.0
http://example.org/parc_de_rsidences,N/A,0.0
http://example.org/Saboteur,http://www.wikidata.org/entity/Q425133,0.99
http://example.org/dmarre,N/A,0.0
http://example.org/Agadir_Maroc,N/A,0.0
http://example.org/guerre_de_Succession_de_Bretagne,N/A,0.0
http://example.org/parc_zoologique,N/A,0.0
http://example.org/ville_de_migrations,N/A,0.0
http://example.org/cambodgien,N/A,0.0
http://example.org/Nadia_Soussi,N/A,0.0
http://example.org/BeauxArts,N/A,0.0
http://example.org/Larchitecte_Fernand_Pouillon,N/A,0.0
http://example.org/Marguerite_Moreno,N/A,0.0
http://example.org/Sant,http://www.wikidata.org/entity/Q1906806,0.99
http://example.org/lItalien,N/A,0.0
http://example.org/suprieur_au_niveau_franais,N/A,0.0
http://example.org/Maurice_Jarre,N/A,0.0
http://example.org/une_compagnie_de_ballet,N/A,0.0
http://example.org/de_RhneetLoire,N/A,0.0
http://example.org/homme_politique_PaulJoseph_Barthez,N/A,0.0
http://example.org/avec_la_cration,N/A,0.0
http://example.org/Georges_Castellar,N/A,0.0
http://example.org/de_la_rue_des_Rosiers,N/A,0.0
http://example.org/ville_par,N/A,0.0
http://example.org/de_la_Rpublique,N/A,0.0
http://example.org/avec_plus_de_10,N/A,0.0
http://example.org/Superficie,http://www.wikidata.org/entity/Q49413642,0.99
http://example.org/Recette,N/A,0.0
http://example.org/bnficie_dun,N/A,0.0
http://example.org/Larousse,http://www.wikidata.org/entity/Q355851,0.99
http://example.org/un_des_plus,N/A,0.0
http://example.org/Carole_Delga,N/A,0.0
http://example.org/Mairie_va,N/A,0.0
http://example.org/Paris_sveille,N/A,0.0
http://example.org/sur_impotsgouvfr_,N/A,0.0
http://example.org/Lausanne,http://www.wikidata.org/entity/Q807,0.99
http://example.org/dozone,N/A,0.0
http://example.org/Pierre_De_Meuron,N/A,0.0
http://example.org/Oignons,N/A,0.0
http://example.org/UMP_de_Laurence_Garnier,N/A,0.0
http://example.org/Il_sorganise,N/A,0.0
http://example.org/Rue_de_la_Gare,N/A,0.0
http://example.org/Utopia_de_Tournefeuille,N/A,0.0
http://example.org/pakistanais,N/A,0.0
http://example.org/annes61,N/A,0.0
http://example.org/louait_son,N/A,0.0
http://example.org/Distance,http://www.wikidata.org/entity/Q342507,0.99
http://example.org/la_croix_clche,N/A,0.0
http://example.org/noms_de_lieux,N/A,0.0
http://example.org/C__Prcipitation,N/A,0.0
http://example.org/de_Balinghem_et_Deslions,N/A,0.0
http://example.org/de_Philippe_IV,N/A,0.0
http://example.org/SaintPaul_et_SaintJoseph,N/A,0.0
http://example.org/le_roi_de_France_Henri_II,N/A,0.0
http://example.org/Robert_Sablayrolles,N/A,0.0
http://example.org/Vienne_sur_la_mme,N/A,0.0
http://example.org/de_la_Butte,N/A,0.0
http://example.org/quartier_de_la_Buffa324,N/A,0.0
http://example.org/de_143_muses,N/A,0.0
http://example.org/Matisse,http://www.wikidata.org/entity/Q234607,0.99
http://example.org/lpoque_mrovingienne92,N/A,0.0
http://example.org/Vlodrome,N/A,0.0
http://example.org/Jean_de_Tournes,N/A,0.0
http://example.org/dAusterlitz,N/A,0.0
http://example.org/niveau_de_lhtel_de_rgion,N/A,0.0
http://example.org/Franck_Montagny,N/A,0.0
http://example.org/nom_de_Parisii,N/A,0.0
http://example.org/Les_Saintes_Maries,N/A,0.0
http://example.org/cette,N/A,0.0
http://example.org/dorigine,N/A,0.0
http://example.org/dEurope_de_patinage_artistique,N/A,0.0
http://example.org/dpouille_de_lexcut_jusquau,N/A,0.0
http://example.org/Festival_dAutomne_de_Paris_de_dbut,N/A,0.0
http://example.org/Marcus_Antonius_Primus,N/A,0.0
http://example.org/PalaisRoyal,N/A,0.0
http://example.org/Cordeliers,http://www.wikidata.org/entity/Q776088,0.99
http://example.org/Lasserre,http://www.wikidata.org/entity/Q172901,0.99
http://example.org/Dnombrement_de_la_population,N/A,0.0
http://example.org/euros_de_revenu_moyen_par,N/A,0.0
http://example.org/LilleDouai,N/A,0.0
http://example.org/Niciensi,N/A,0.0
http://example.org/VillefrancheSud_Anse,N/A,0.0
http://example.org/secteurs_aronautique,N/A,0.0
http://example.org/de_laire_dattraction_de_Toulouse,N/A,0.0
http://example.org/Jacques_Bonsergent,N/A,0.0
http://example.org/Marine_Le,N/A,0.0
http://example.org/Laroport_de_Toulouse_Francazal,N/A,0.0
http://example.org/Paul_Gelis,N/A,0.0
http://example.org/la_cration_de_lcole_militaire,N/A,0.0
http://example.org/Le_Bassin_dAquitaine,N/A,0.0
http://example.org/Holgado,http://www.wikidata.org/entity/Q1432079,0.99
http://example.org/Rgine_Detambel,N/A,0.0
http://example.org/Louis_XIV_soucieux,N/A,0.0
http://example.org/PUF,http://www.wikidata.org/entity/Q442420,0.99
http://example.org/SaintThomas,N/A,0.0
http://example.org/Dans_la_lance_de_la,N/A,0.0
http://example.org/dans_llite_de_leurs,N/A,0.0
http://example.org/sur_de_la,N/A,0.0
http://example.org/des_Minimes,N/A,0.0
http://example.org/Griffe_dencre,N/A,0.0
http://example.org/Gallin255,N/A,0.0
http://example.org/Le_baou_de_Saint_Marcel_et_le_Collet_Redon_sur_le_versant,N/A,0.0
http://example.org/CoopBreizh,N/A,0.0
http://example.org/de_laire_de_locution_du_francoprovenal,N/A,0.0
http://example.org/aeroportsdeparisfr,N/A,0.0
http://example.org/Verdict_dAndr_Cayatte,N/A,0.0
http://example.org/dun_cusson,N/A,0.0
http://example.org/au_mme_niveau,N/A,0.0
http://example.org/Lyon_Mag,N/A,0.0
http://example.org/Lencours_de_dette_slevait,N/A,0.0
http://example.org/trouve_sur_lle_de_la_Cit,N/A,0.0
http://example.org/qualit_de_lair,N/A,0.0
http://example.org/La_HaieFouassire,N/A,0.0
http://example.org/employs_de_la_fonction_publique_reprsentent_plus_de_55,N/A,0.0
http://example.org/facult_des_sciences_de_la_ville_de_1854,N/A,0.0
http://example.org/Dubouchage,N/A,0.0
http://example.org/qui_la,N/A,0.0
http://example.org/Lyce,http://www.wikidata.org/entity/Q10317930,0.99
http://example.org/Chaillot,http://www.wikidata.org/entity/Q1905442,0.99
http://example.org/Lille_samorce,N/A,0.0
http://example.org/de_lierre,N/A,0.0
http://example.org/mais_aussi_de_salle_de_concert,N/A,0.0
http://example.org/des_Lyonnais,N/A,0.0
http://example.org/mme_canal_de_diffusion,N/A,0.0
http://example.org/maintien_de_leurs,N/A,0.0
http://example.org/Aude_Lemonsu,N/A,0.0
http://example.org/de_Mouscron,N/A,0.0
http://example.org/Paillade,N/A,0.0
http://example.org/dErnest_Ngre,N/A,0.0
http://example.org/Franois_Gaillard,N/A,0.0
http://example.org/Jules_Pagzy,N/A,0.0
